ลำดับ,รหัสโรงเรียน,ชื่อโรงเรียน,เลขที่,หมู่,ซอย,ถนน,ตำบล,อำเภอ,จังหวัด,โทรศัพท์,พิกัดละติจูด,พิกัดลองจิจูด,การรับอุดหนุน,สถานะโรงเรียน
1,1310010240,วิทยาลัยเทคโนโลยีฐานเทคโนโลยี,290/1,,,พรมแดน,บางบอน,บางบอน,กรุงเทพมหานคร,02-453-0800,13.6224095,100.3765599,รับอุดหนุน,เปิดกิจการ
2,1310010241,วิทยาลัยเทคโนโลยีการบริหารจัดการนานาชาติรีเจ้นท์,592,,,ประชาอุทิศ,ห้วยขวาง,ห้วยขวาง,กรุงเทพมหานคร,22744407,13.7674219,100.59577,ไม่รับอุดหนุน,เปิดกิจการ
3,1310100545,วิทยาลัยเทคโนโลยีวังเด็กพัฒน์อ่อนนุชบริหาร,458,,อ่อนนุช 88/4,อ่อนนุช-ลาดกระบัง,ประเวศ,ประเวศ,กรุงเทพมหานคร,02-329-1358,13.721169,100.705862,รับอุดหนุน,เปิดกิจการ
4,1310100770,วิทยาลัยเทคโนโลยีนีรชาบริหารธุรกิจ,98,,พระยาสุเรนทร์  13,พระยาสุเรนทร์,บางชัน,คลองสามวา,กรุงเทพมหานคร,02-540-6656,13.8284745,100.6971276,รับอุดหนุน,เปิดกิจการ
5,1310100817,วิทยาลัยเทคโนโลยีตั้งตรงจิตรพณิชยการ,2,,,มหาราช,พระบรมมหาราชวัง,พระนคร,กรุงเทพมหานคร,02-622-1919,13.7445453,100.493714,รับอุดหนุน,เปิดกิจการ
6,1310100818,วิทยาลัยเทคโนโลยีตั้งตรงจิตรบริหารธุรกิจ,2,,,มหาราช,พระบรมมหาราชวัง,พระนคร,กรุงเทพมหานคร,02-622-1919,13.7445453,100.493714,รับอุดหนุน,เปิดกิจการ
7,1310100819,วิทยาลัยเทคโนโลยีพระนครพณิชยการ,99,,,บุญศิริ,ศาลเจ้าพ่อเสือ,พระนคร,กรุงเทพมหานคร,02-0357215,13.754944,100.4975518,รับอุดหนุน,เปิดกิจการ
8,1310100820,โยนออฟอาร์คบริหารธุรกิจ,,,,,บางเสด็จ,ป่าโมก,อ่างทอง,,,,ไม่รับอุดหนุน,เลิกกิจการ
9,1310100821,วิทยาลัยเทคโนโลยีพณิชยการสุโขทัย,11,,สุพรรณ,สุโขทัย,ดุสิต,ดุสิต,กรุงเทพมหานคร,02-668-7668,,,ไม่รับอุดหนุน,เลิกกิจการ
10,1310100822,วิทยาลัยเทคโนโลยีวิมล ศรีย่าน,266/9,,,นครไชยศรี,ถนนนครไชยศรี,ดุสิต,กรุงเทพมหานคร,02-669-5199,13.7855558,100.5109939,รับอุดหนุน,เปิดกิจการ
11,1310100823,วิทยาลัยอาชีวศึกษาอาชีวศิลป์,268,,,นครไชยศรี,ถนนนครไชยศรี,ดุสิต,กรุงเทพมหานคร,02-241-3795,13.7852272,100.511214,รับอุดหนุน,เปิดกิจการ
12,1310100824,วิทยาลัยเทคโนโลยีพณิชยการสามเสน,1-ก.พ.,,สามเสน 22,สามเสน,ถนนนครไชยศรี,ดุสิต,กรุงเทพมหานคร,02-241-2256,,,รับอุดหนุน,ยื่นขอเลิกกิจการ/ไม่จัดการเรียนการสอน
13,1310100825,โรงเรียนกองทัพบกอุปถัมภ์ช่างกล ขส.ทบ.,120,5,,ติวานนท์,บ้านใหม่,ปากเกร็ด,นนทบุรี,25509215,13.9321547,100.5315012,รับอุดหนุน,เปิดกิจการ
14,1310100829,วิทยาลัยเทคโนโลยีไทยบริหารธุรกิจ,43,,,พหลโยธิน,อนุสาวรีย์,บางเขน,กรุงเทพมหานคร,02-522-7777,13.8640965,100.5888754,รับอุดหนุน,เปิดกิจการ
15,1310100830,วิทยาลัยเทคโนโลยีวิบูลย์บริหารธุรกิจ รามอินทรา,5,,รามอินทรา 39,รามอินทรา 39 แยก 5,อนุสาวรีย์,บางเขน,กรุงเทพมหานคร,0-2521-8222-7,13.863548,100.6263521,รับอุดหนุน,เปิดกิจการ
16,1310100832,วิทยาลัยเทคโนโลยีเซนต์เทเรซาบริหารธุรกิจ,2567/2569,,,รามคำแหง,หัวหมาก,บางกะปิ,กรุงเทพมหานคร,027323331-9,,,ไม่รับอุดหนุน,ยื่นขอเลิกกิจการ/ไม่จัดการเรียนการสอน
17,1310100834,วิทยาลัยเทคโนโลยีบางกะปิ,190/1,,รามคำแหง68,รามคำแหง,หัวหมาก,บางกะปิ,กรุงเทพมหานคร,02-376-2142,,,ไม่รับอุดหนุน,เลิกกิจการ
18,1310100835,วิทยาลัยเทคโนโลยีช่างอุตสาหกรรมกรุงเทพ,2,,รามคำแหง 28,รามคำแหง,หัวหมาก,บางกะปิ,กรุงเทพมหานคร,02-732-1620,13.7551302,100.6330197,รับอุดหนุน,เปิดกิจการ
19,1310100836,วิทยาลัยเทคโนโลยีสหะพาณิชย์บริหารธุรกิจ,313-315        ,,ปุณณวิถี 9,สุขุมวิท 101,บางจาก,พระโขนง,กรุงเทพมหานคร,02-331-4514,13.6919536,100.6110906,รับอุดหนุน,เปิดกิจการ
20,1310100837,วิทยาลัยเทคโนโลยีศรีวัฒนาบริหารธุรกิจ,29,,64/1,สุขุมวิท,บางจาก,พระโขนง,กรุงเทพมหานคร,02-744-9418,,,ไม่รับอุดหนุน,เลิกกิจการ
21,1310100839,วิทยาลัยเทคโนโลยีกรุงเทพ,4,,สุขุมวิท97/1,สุขุมวิท,บางจาก,พระโขนง,กรุงเทพมหานคร,02-311-2521,13.6965992,100.6059683,รับอุดหนุน,เปิดกิจการ
22,1310100841,วิทยาลัยอาชีวศึกษาเอเซีย,288,1,พัฒนาชนบท 4,ร่มเกล้า1 (พัฒนาชนบท),คลองสองต้นนุ่น,ลาดกระบัง,กรุงเทพมหานคร,02-373-6629,13.742772,100.731162,รับอุดหนุน,เปิดกิจการ
23,1310100845,วิทยาลัยเทคโนโลยีสายประสิทธิ์บริหารธุรกิจ,127,,เพชรเกษม 11,เพชรเกษม,วัดท่าพระ,บางกอกใหญ่,กรุงเทพมหานคร,02-467-0544,13.8081586,100.5726835,รับอุดหนุน,เปิดกิจการ
24,1310100847,วิทยาลัยเทคโนโลยีวิบูลย์บริหารธุรกิจ,202,,,,วัดท่าพระ,บางกอกใหญ่,กรุงเทพมหานคร,24578111,,,รับอุดหนุน,เลิกกิจการ
25,1310100848,วิทยาลัยเทคโนโลยีพณิชยการราชดำเนิน,378,,อิสรภาพ 42,อิสรภาพ,วัดอรุณ,บางกอกใหญ่,กรุงเทพมหานคร,028-911-6105,13.7436997,100.4829204,รับอุดหนุน,เปิดกิจการ
26,1310100850,วิทยาลัยเทคโนโลยีสยาม(สยามเทค),46/9,,,จรัญสนิทวงศ์,วัดท่าพระ,บางกอกใหญ่,กรุงเทพมหานคร,028640359-63,13.7380719,100.471108,รับอุดหนุน,เปิดกิจการ
27,1310100851,วิทยาลัยอาชีวศึกษากรุงเทพธุรกิจ,202/4,,เพชรเกษม 18,เพชรเกษม,วัดท่าพระ,บางกอกใหญ่,กรุงเทพมหานคร,02-457-1596,13.7271086,100.4692525,รับอุดหนุน,เปิดกิจการ
28,1310100852,วิทยาลัยเทคโนโลยีมิตรพลบริหารธุรกิจ,111,,เจริญรัถ 30,เจริญรัถ,คลองต้นไทร,คลองสาน,กรุงเทพมหานคร,02-861-0793,,,รับอุดหนุน,ยื่นขอเลิกกิจการ/ไม่จัดการเรียนการสอน
29,1310100853,วิทยาลัยเทคโนโลยีวัฒนาบริหารธุรกิจ,188,,,สมเด็จเจ้าพระยา,คลองสาน,คลองสาน,กรุงเทพมหานคร,02-438-2222,,,ไม่รับอุดหนุน,ไม่มีสภาพ
30,1310100854,วิทยาลัยอาชีวศึกษาพณิชยการจรัลสนิทวงศ์,538,,จรัญสนิทวงศ์ 41,จรัญสนิทวงศ์,อรุณอมรินทร์,บางกอกน้อย,กรุงเทพมหานคร,024-346-1557,,,ไม่รับอุดหนุน,ยื่นขอเลิกกิจการ/ไม่จัดการเรียนการสอน
31,1310100857,วิทยาลัยเทคโนโลยีจรัลสนิทวงศ์,18,,จรัญ41,จรัญสนิทวงศ์,อรุณอมรินทร์,บางกอกน้อย,กรุงเทพมหานคร,02-4346155-7,13.7690683,100.4751614,รับอุดหนุน,เปิดกิจการ
32,1310100859,วิทยาลัยเทคโนโลยีการจัดการเพชรเกษม,127,4,เพชรเกษม 81,เพชรเกษม,หนองแขม,หนองแขม,กรุงเทพมหานคร,028-112-5903,13.6674947,100.3430355,รับอุดหนุน,เปิดกิจการ
33,1310100860,วิทยาลัยเทคโนโลยีวีรสุนทรบริหารธุรกิจ,,,,,,,,,,,ไม่รับอุดหนุน,เลิกกิจการ
34,1310100861,วิทยาลัยเทคโนโลยีหมู่บ้านครู,101,,เพชรเกษม 110,เพชรเกษม,หนองค้างพลู,หนองแขม,กรุงเทพมหานคร,02-421-0115,13.709587,100.34646,รับอุดหนุน,เปิดกิจการ
35,1310100862,วิทยาลัยเทคโนโลยีสารสาสน์,313,5,ประชุอุทิศ 90,ประชาอุทิศ,ทุ่งครุ,ทุ่งครุ,กรุงเทพมหานคร,02-815-8182,13.6057209,100.5050742,รับอุดหนุน,เปิดกิจการ
36,1310100863,วิทยาลัยเทคโนโลยีพณิชยการสยาม ในพระอุปถัมภ์สมเด็จพระเจ้าภคินีเธอ เจ้าฟ้าเพชรรัตนราชสุดา สิริโสภาพัณณวดี,72,,จรัญสนิทวงศ์ 56,จรัญสนิทวงศ์,บางยี่ขัน,บางพลัด,กรุงเทพมหานคร,02-883-1901,,,ไม่รับอุดหนุน,เลิกกิจการ
37,1310100865,วิทยาลัยเทคโนโลยีไทยอาชีวศึกษา,40,,จรัญสนิทวงศ์71,จรัญสนิทวงศ์,บางพลัด,บางพลัด,กรุงเทพมหานคร,02-433-2652,13.7859797,100.4956566,ไม่รับอุดหนุน,เปิดกิจการ
38,1310100866,วิทยาลัยเทคโนโลยีพระรามหก,686,,,จรัญสนิทวงศ์,บางอ้อ,บางพลัด,กรุงเทพมหานคร,02-423-0131,13.8039232,100.5122238,รับอุดหนุน,เปิดกิจการ
39,1310100867,พณิชยการบางอ้อ,,,,,,,,,,,ไม่รับอุดหนุน,เลิกกิจการ
40,1310100869,วิทยาลัยอาชีวศึกษาเทคนิควิทยา,588/23,,4,ประชาสงเคราะห์,ดินแดง,ดินแดง,กรุงเทพมหานคร,02-246-3577,13.7645781,100.5586828,รับอุดหนุน,เปิดกิจการ
41,1310100870,วิทยาลัยอาชีวศึกษาพณิชยการจำนงค์,1,,สมปรารถนา,ประชาสงเคราะห์,ดินแดง,ดินแดง,กรุงเทพมหานคร,22485196,13.7693971,100.5605383,รับอุดหนุน,เปิดกิจการ
42,1310100871,วิทยาลัยเทคโนโลยีบริหารธุรกิจจำนงค์,1,,สมปรารถนา,ประชาสงเคราะห์,ดินแดง,ดินแดง,กรุงเทพมหานคร,02 248 5196,13.7691014,100.5605061,ไม่รับอุดหนุน,เปิดกิจการ
43,1310100872,วิทยาลัยเทคโนโลยีพระนครบริหารธุรกิจ,78/1,,,,คลองกุ่ม,บึงกุ่ม,กรุงเทพมหานคร,23749617,,,ไม่รับอุดหนุน,เลิกกิจการ
44,1310100873,โรงเรียนอัสสัมชัญพาณิชยการ,101,,สาทร 13,สาทรใต้,ยานนาวา,สาทร,กรุงเทพมหานคร,02-675-5082,13.7210226,100.5279077,รับอุดหนุน,เปิดกิจการ
45,1310100874,วิทยาลัยเทคโนโลยีสารสาสน์กนกอนุสรณ์,143,,จันทน์ 43 (วัดไผ่เงิน),จันทน์,ทุ่งวัดดอน,สาทร,กรุงเทพมหานคร,0-2211-4123,,,ไม่รับอุดหนุน,เลิกกิจการ
46,1310100875,วิทยาลัยเทคโนโลยีกิตติบริหารธุรกิจ,176,,,จันทน์ 18/7,ทุ่งวัดดอน,สาทร,กรุงเทพมหานคร,02-287-4460,13.7093915,100.5273896,รับอุดหนุน,เปิดกิจการ
47,1310100876,วิทยาลัยเทคโนโลยีวิมลบริหารธุรกิจ,279,3,,ริมคลองปะปา,บางซื่อ,บางซื่อ,กรุงเทพมหานคร,02-585-0079,13.8189628,100.5369577,รับอุดหนุน,เปิดกิจการ
48,1310100879,โรงเรียนเทคนิคกรุงเทพพณิชยการ,4-ต.ค.,,,ประชาราษฎร์สาย 1,บางซื่อ,บางซื่อ,กรุงเทพมหานคร,25852028,13.8113352,100.5222415,ไม่รับอุดหนุน,เปิดกิจการ
49,1310100881,วิทยาลัยเทคโนโลยีวราธิปบริหารธุรกิจ,46,,,เทศบาลนิมิตเหนือ,ลาดยาว,จตุจักร,กรุงเทพมหานคร,25884085,13.842799,100.5455983,รับอุดหนุน,เปิดกิจการ
50,1310100886,วิทยาลัยอาชีวศึกษาสันติราษฎร์ในพระอุปถัมภ์ สมเด็จพระเจ้าภคินีเธอ เจ้าฟ้าเพชรรัตนราชสุดา สิริโสภาพัณณวดี,2,,พหลโยธิน 24 แยก 2-3,พหลโยธิน,จอมพล,จตุจักร,กรุงเทพมหานคร,02-939-3000,13.8195938,100.5686307,รับอุดหนุน,เปิดกิจการ
51,1310100887,วิทยาลัยอาชีวศึกษาเซนต์จอห์น,25,,พหลโยธิน 23,พหลโยธิน,จตุจักร,จตุจักร,กรุงเทพมหานคร,02-930-3667,,,ไม่รับอุดหนุน,เลิกกิจการ
52,1310100888,เซนต์จอห์นเทคโนโลยี,,,,,,,,,,,ไม่รับอุดหนุน,เลิกกิจการ
53,1310100890,วิทยาลัยเทคโนโลยีช่างฝีมือปัญจวิทยา,39/48,3,ลำลูกกา65,ลำลูกกา,ลาดสวาย,ลำลูกกา,ปทุมธานี,02-5328090-3,13.9331581,100.6891424,รับอุดหนุน,เปิดกิจการ
54,1310100891,วิทยาลัยเทคโนโลยีไทยวิจิตรศิลป,42,,พหลโยธิน35,พหลโยธิน,ลาดยาว,จตุจักร,กรุงเทพมหานคร,025-121-415-6,,,ไม่รับอุดหนุน,เลิกกิจการ
55,1310100892,วิทยาลัยอาชีวศึกษาเอกวิทย์บริหารธุรกิจ,5,,ลาดกระบัง 34/1,ลาดกระบัง,ลาดกระบัง,ลาดกระบัง,กรุงเทพมหานคร,023-272-9924,13.721197,100.7460857,รับอุดหนุน,เปิดกิจการ
56,1310100893,วิทยาลัยเทคโนโลยีศรีวิกรม์บริหารธุรกิจ,1020/1,,,สุขุมวิท,พระโขนง,คลองเตย,กรุงเทพมหานคร,02-712-1001-4,,,ไม่รับอุดหนุน,เลิกกิจการ
57,1310100894,วิทยาลัยเทคโนโลยีพณิชยการเจ้าพระยา,34,,,เพชรบุรี,ทุ่งพญาไท,ราชเทวี,กรุงเทพมหานคร,02-215-8158,,,ไม่รับอุดหนุน,เลิกกิจการ
58,1310100896,โรงเรียนกรุงเทพการบัญชีวิทยาลัย,588,,,เพชรบุรี,ถนนเพชรบุรี,ราชเทวี,กรุงเทพมหานคร,02-208-9802,13.751222,100.5352439,รับอุดหนุน,เปิดกิจการ
59,1310100897,วิทยาลัยอาชีวศึกษาดุสิตพณิชยการ,438/17,,ราชวิถี 5,ราชวิถี,ถนนพญาไท,ราชเทวี,กรุงเทพมหานคร,02-246-8342,13.762765,100.540239,รับอุดหนุน,เปิดกิจการ
60,1310100898,วิทยาลัยเทคโนโลยีดอนบอสโก,1643/3,,,เพชรบุรีตัดใหม่,มักกะสัน,ราชเทวี,กรุงเทพมหานคร,26529625,13.7501451,100.5597942,รับอุดหนุน,เปิดกิจการ
61,1310100899,วิทยาลัยเทคโนโลยีสยามธุรกิจ ในพระอุปถัมภ์สมเด็จพระเจ้าภคินีเธอ เจ้าฟ้าเพชรรัตนราชสุดา สิริโสภาพัณณวดี,94,,ราชปรารภ 5,ราชปรารภ,ถนนพญาไท,ราชเทวี,กรุงเทพมหานคร,02-251-5088,13.754642,100.541402,รับอุดหนุน,เปิดกิจการ
62,1310100900,วิทยาลัยอาชีวศึกษาเทคนิคบริหารธุรกิจกรุงเทพ,88,,สุขุมวิท 73,สุขุมวิท,พระโขนงเหนือ,วัฒนา,กรุงเทพมหานคร,02-311-2339,13.7106914,100.5992507,รับอุดหนุน,เปิดกิจการ
63,1310100901,วิทยาลัยเทคโนโลยีพิชญเกษม,3-ม.ค.,,ปรีดีพนมยงค์ 37,สุขุมวิท 71,คลองตันเหนือ,วัฒนา,กรุงเทพมหานคร,02-391-9030,13.7312171,100.5947053,รับอุดหนุน,เปิดกิจการ
64,1310100902,วิทยาลัยเทคโนโลยีกรุงธน,1,,เพชรเกษม 98,เพชรเกษม,บางแคเหนือ,บางแค,กรุงเทพมหานคร,02-421-1291,13.7095164,100.3822571,รับอุดหนุน,เปิดกิจการ
65,1310100904,วิทยาลัยเทคโนโลยีพณิชยการภาษานุสรณ์บางแค,374,,,เพชรเกษม,บางแคเหนือ,บางแค,กรุงเทพมหานคร,02-455-0033,13.7126753,100.4174268,รับอุดหนุน,เปิดกิจการ
66,1310100905,วิทยาลัยเทคโนโลยีบุษยรัตน์บริหารธุรกิจ,32/6,4,,บางแค,บางแค,บางแค,กรุงเทพมหานคร,02-801-1181,,,ไม่รับอุดหนุน,ยื่นขอเลิกกิจการ/ไม่จัดการเรียนการสอน
67,1310100907,วิทยาลัยเทคโนโลยีรัตนโกสินทร์,95/151,,แจ้งวัฒนะซอย 3,แจ้งวัฒนะซอย,ตลาดบางเขน,หลักสี่,กรุงเทพมหานคร,025-213-9501,13.881897,100.5826536,รับอุดหนุน,เปิดกิจการ
68,1310100908,วิทยาลัยเทคโนโลยีสยามบริหารธุรกิจ,6/599,,พหลโยธิน52 แยก11(เดชศิริ),พหลโยธิน,คลองถนน,สายไหม,กรุงเทพมหานคร,029-726-1118,13.893856,100.616973,รับอุดหนุน,เปิดกิจการ
69,1310100909,เทคโนโลยีดุสิต,,,,,,,,,,,ไม่รับอุดหนุน,เลิกกิจการ
70,1310100910,วิทยาลัยเทคโนโลยีทักษิณาบริหารธุรกิจ,850,,,รามอินทรา กม.12,คันนายาว,คันนายาว,กรุงเทพมหานคร,02-517-3999,13.812156,100.6902471,รับอุดหนุน,เปิดกิจการ
71,1310100912,วิทยาลัยเทคโนโลยีมีนบุรีโปลีเทคนิค,620,,สามวา,สามวา,บางชัน,คลองสามวา,กรุงเทพมหานคร,02-906-2949,13.8464204,100.7272909,รับอุดหนุน,เปิดกิจการ
72,1310100913,นิดาบริหารธุรกิจและวิศวกรรม,,,,,บางนา,บางนา,กรุงเทพมหานคร,,,,ไม่รับอุดหนุน,เลิกกิจการ
73,1310100914,วิทยาลัยเทคโนโลยีอรรถวิทย์พณิชยการ,280,,,สรรพาวุธ,บางนา,บางนา,กรุงเทพมหานคร,02-744-8450,13.6744361,100.6015969,รับอุดหนุน,เปิดกิจการ
74,1310100916,วิทยาลัยเทคโนโลยีปิ่นมณฑล,13/13,17,,พุทธมณฑลสาย2,ศาลาธรรมสพน์,ทวีวัฒนา,กรุงเทพมหานคร,02-885-1040,13.7923298,100.391626,รับอุดหนุน,เปิดกิจการ
75,1310100917,วิทยาลัยเทคโนโลยีโพลีกรุงเทพ,136/13,17,สวนผัก,,ศาลาธรรมสพน์,ทวีวัฒนา,กรุงเทพมหานคร,028-851-7934,13.7893932,100.4083466,รับอุดหนุน,เปิดกิจการ
76,1310100952,วิทยาลัยเทคโนโลยียานยนต์,8,,กาญจนาภิเษก 7,,บางแคเหนือ,บางแค,กรุงเทพมหานคร,028042171-2,13.726565,100.40409,ไม่รับอุดหนุน,เปิดกิจการ
77,1310101170,วิทยาลัยเทคโนโลยีเกษมสันต์บริหารธุรกิจ,28,1,เฉลิมพระเกียรติ ร.9 (38),เฉลิมพระเกียรติ ร.9,ดอกไม้,ประเวศ,กรุงเทพมหานคร,023280943-4,13.6890171,100.6767358,รับอุดหนุน,เปิดกิจการ
78,1310101184,วิทยาลัยเทคโนโลยีปทีปพลีผล,1019,,,บางขุนเทียน-ชายทะเล,ท่าข้าม,บางขุนเทียน,กรุงเทพมหานคร,02-453-6400,13.6081254,100.4386851,รับอุดหนุน,เปิดกิจการ
79,1310101190,วิทยาลัยเทคโนโลยีครัววันดี,8,,รามคำแหง 25,รามคำแหง ,หัวหมาก,บางกะปิ,กรุงเทพมหานคร,02-718-6254,13.7548991,100.6119159,รับอุดหนุน,เปิดกิจการ
80,1310101192,วิทยาลัยเทคโนโลยีธุรกิจแฟชั่นนานาชาติ,420/134,,หทัยราษฏร์ 33/2,เลียบคลองสอง,บางชัน,คลองสามวา,กรุงเทพมหานคร,02-1302422,13.8551616,100.7215448,รับอุดหนุน,เปิดกิจการ
81,1310101194,วิทยาลัยอาชีวศึกษามีนบุรีบริหารธุรกิจ,4,,,หทัยราษฎร์,มีนบุรี,มีนบุรี,กรุงเทพมหานคร,02-540-0056,,,รับอุดหนุน,เปิดกิจการ
82,1310101197,วิทยาลัยเทคโนโลยีบริหารธุรกิจมีนบุรี กรุงเทพ,44/59,,,หทัยราษฏร์,มีนบุรี,มีนบุรี,กรุงเทพมหานคร,02-1813042,13.8352292,100.7201494,รับอุดหนุน,เปิดกิจการ
83,1310102964,วิทยาลัยอาชีวศึกษาเจริญพัฒนาบริหารธุรกิจ,429,,,สามวา,บางชัน,คลองสามวา,กรุงเทพมหานคร,02-175-3648,13.84634598,100.7270829,รับอุดหนุน,เปิดกิจการ
84,1310102971,วิทยาลัยเทคโนโลยีธุรกิจการอาหารไทยและนานาชาติ,1004,,,พระราม3,บางโพงพาง,ยานนาวา,กรุงเทพมหานคร,02-682-7644,13.6758368,100.5454494,รับอุดหนุน,เปิดกิจการ
85,1310103000,วิทยาลัยเทคโนโลยีธนบุรีบริหารธุรกิจ,21/19,4,เอกชัย 114,เอกชัย,บางบอน,บางบอน,กรุงเทพมหานคร,02-450-3884-5,,,ไม่รับอุดหนุน,ยื่นขอเลิกกิจการ/ไม่จัดการเรียนการสอน
86,1310106742,วิทยาลัยอาชีวศึกษาเทคโนโลยีเอเชีย,581,,,เลียบคลองภาษีเจริญฝั่งเหนือ,หนองแขม,หนองแขม,กรุงเทพมหานคร,24206465,13.680063,100.3422187,รับอุดหนุน,เปิดกิจการ
87,1310106743,โรงเรียนจิตรลดา(สายวิชาชีพ),สำนักพระราชวัง ,,,ศรีอยุธยา,ดุสิต,ดุสิต,กรุงเทพมหานคร,22826786,,,ไม่รับอุดหนุน,เลิกกิจการ
88,1310201019,วิทยาลัยอาชีวศึกษาศาสนบริหารธุรกิจ,73,9,,มิตรไมตรี,หนองจอก,หนองจอก,กรุงเทพมหานคร,02-989-6401,13.8585547,100.8533108,รับอุดหนุน,เปิดกิจการ
89,1310201020,วิทยาลัยเทคโนโลยีบริหารธุรกิจยานนาวา,258/2,,ซอยสาธุประดิษฐ์ 19 ,ซอยสาธุประดิษฐ์ ,ช่องนนทรี,ยานนาวา,กรุงเทพมหานคร,20204038,13.6997169,100.5328188,รับอุดหนุน,เปิดกิจการ
90,1310201021,วิทยาลัยเทคโนโลยีสารสาสน์เซนต์ปีเตอร์,99/1,,,บางบอน,บางบอน,บางบอน,กรุงเทพมหานคร,02-409-2891,13.6060855,100.5048599,รับอุดหนุน,เปิดกิจการ
91,1311010240,วิทยาลัยเทคโนโลยีการออกแบบราฟเฟิลส์,,,,,,,,,,,ไม่รับอุดหนุน,เลิกกิจการ
92,1311100107,วิทยาลัยเทคโนโลยีสมุทรปราการ (ช.เทค),330,2,อู่ทอง,แพรกษา,ท้ายบ้านใหม่,เมืองสมุทรปราการ,สมุทรปราการ,02-382-7472,13.5794202,100.6198109,รับอุดหนุน,เปิดกิจการ
93,1311100109,โรงเรียนเกริกวิทยาลัย,18-ก.ย.,6,สนามบินสุวรรณภูมิ,บางนา-ตราด กม. 15,บางโฉลง,บางพลี,สมุทรปราการ,023-125-1156,13.6343,100.7412041,รับอุดหนุน,เปิดกิจการ
94,1311100110,วิทยาลัยเทคโนโลยีบริหารธุรกิจสมุทรปราการ,6-ก.ย.,3,,เทพารักษ์  กม.9,บางพลีใหญ่,บางพลี,สมุทรปราการ,02-385-5509,13.610863,100.669772,รับอุดหนุน,เปิดกิจการ
95,1311100111,วิทยาลัยเทคโนโลยีไทย-ไต้หวัน (บีดีไอ),46/7,12,บีดีไอ,บางพลี-กิ่งแก้ว,บางพลีใหญ่,บางพลี,สมุทรปราการ,02-337-3101,13.6204415,100.7084733,รับอุดหนุน,เปิดกิจการ
96,1311100120,วิทยาลัยเทคโนโลยีสุวรรณภูมิบริหารธุรกิจ,63/6,21,,คลองอาเสี่ย,บางพลีใหญ่,บางพลี,สมุทรปราการ,023-465-3618,13.577742,100.6891826,รับอุดหนุน,เปิดกิจการ
97,1311100142,วิทยาลัยเทคโนโลยีเกวลินบริหารธุรกิจ,120/20,16,,เทพารักษ์,บางเสาธง,บางเสาธง,สมุทรปราการ,02-705-3536,13.567927,100.7915709,รับอุดหนุน,เปิดกิจการ
98,1311100146,วิทยาลัยเทคโนโลยีไทยโกลบอลบริหารธุรกิจ,99/553,8,,ศรีนครินทร์,บางเมือง,เมืองสมุทรปราการ,สมุทรปราการ,023881541-2,13.592416,100.617413,รับอุดหนุน,เปิดกิจการ
99,1312100094,วิทยาลัยเทคโนโลยีพงษ์สวัสดิ์,14-พ.ค.,6,,พิบูลสงคราม,สวนใหญ่,เมืองนนทบุรี,นนทบุรี,02-967-3751,13.8358968,100.4983421,รับอุดหนุน,เปิดกิจการ
100,1312100095,วิทยาลัยเทคโนโลยีพณิชยการนนทบุรี,1-ก.พ.,8,,เลี่ยงเมืองนนทบุรี,บางกระสอ,เมืองนนทบุรี,นนทบุรี,021021823 0838453957,13.8615071,100.4922248,รับอุดหนุน,เปิดกิจการ
101,1312100097,วิทยาลัยเทคโนโลยีปัญญาภิวัฒน์,10,,งามวงศ์วาน 23,งามวงศ์วาน,บางเขน,เมืองนนทบุรี,นนทบุรี,02-821-2558,13.8588048,100.5365106,รับอุดหนุน,เปิดกิจการ
102,1312100098,วิทยาลัยเทคโนโลยีพัฒนวิทย์บริหารธุรกิจ,114,5,นนทบุรี 46,สนามบินน้ำ,ท่าทราย,เมืองนนทบุรี,นนทบุรี,02-580-1111,,,ไม่รับอุดหนุน,ไม่มีนักเรียน/ไม่จัดการเรียนการสอน
103,1312100099,วิทยาลัยเทคโนโลยีวานิชบริหารธุรกิจ,41/1,14,วัดสังวร,กาญจนาภิเษก,บางม่วง,บางใหญ่,นนทบุรี,02-924-7601,13.8463863,100.4166343,รับอุดหนุน,เปิดกิจการ
104,1312100101,วิทยาลัยอาชีวศึกษาดุสิตพณิชยการ นนทบุรี,9,4,,บางกรวย - ไทรน้อย,โสนลอย,บางบัวทอง,นนทบุรี,02-571-2690,13.9099744,100.4234284,รับอุดหนุน,เปิดกิจการ
105,1312100102,วิทยาลัยเทคโนโลยีพณิชยการบางบัวทอง,91/2,3,ศิริมงคล,บางกรวย-ไทรน้อย,บางรักพัฒนา,บางบัวทอง,นนทบุรี,02-9206440-1,13.8921154,100.4334577,รับอุดหนุน,เปิดกิจการ
106,1312100103,วิทยาลัยเทคโนโลยีวัฒนพฤกษาบริหารธุรกิจ,109/1,,,ภูมิเวท,ปากเกร็ด,ปากเกร็ด,นนทบุรี,29635051,13.9064591,100.5010196,รับอุดหนุน,เปิดกิจการ
107,1312100116,วิทยาลัยเทคโนโลยีสยามบริหารธุรกิจ นนทบุรี,49/178,8,,รัตนาธิเบศร์,บางกระสอ,เมืองนนทบุรี,นนทบุรี,02-589-1133,13.8603839,100.519371,รับอุดหนุน,เปิดกิจการ
108,1312100130,วิทยาลัยเทคโนโลยีอัร-รอบิตี,33,2,,,ละหาร,บางบัวทอง,นนทบุรี,870066234,13.9262897,100.4349052,รับอุดหนุน,เปิดกิจการ
109,1312100136,วิทยาลัยเทคโนโลยีนนทบุรี,100,2,บางรักน้อย 14,ราชพฤกษ์,บางรักน้อย,เมืองนนทบุรี,นนทบุรี,0 28042171,13.8619248,100.4498719,ไม่รับอุดหนุน,เปิดกิจการ
110,1313100068,วิทยาลัยเทคโนโลยีแหลมทอง,16-มี.ค.,2,สุวิมล,ปทุมธานี-กรุงเทพ,บางหลวง,เมืองปทุมธานี,ปทุมธานี,02-581-5548,13.9992726,100.5170001,รับอุดหนุน,เปิดกิจการ
111,1313100069,วิทยาลัยเทคโนโลยีปทุมธานี,130,4,,ติวานนท์,บ้านกลาง,เมืองปทุมธานี,ปทุมธานี,02-979-6720,14.0127262,100.5497919,รับอุดหนุน,เปิดกิจการ
112,1313100085,วิทยาลัยอาชีวศึกษาณัฐนนท์,59,8,,,คลองสาม,คลองหลวง,ปทุมธานี,21912965,,,ไม่รับอุดหนุน,เลิกกิจการ
113,1313100088,วิทยาลัยเทคโนโลยีบุญถาวร,36/2,11,ไอยรา 5,,คลองสอง,คลองหลวง,ปทุมธานี,029082392-4,14.0973475,100.6403265,รับอุดหนุน,เปิดกิจการ
114,1314100023,วิทยาลัยเทคโนโลยีบริหารธุรกิจอยุธยา,21/23,2,,อู่ทอง,ท่าวาสุกรี,พระนครศรีอยุธยา,พระนครศรีอยุธยา,035-321-202,14.3565264,100.5487509,รับอุดหนุน,เปิดกิจการ
115,1314100024,วิทยาลัยเทคโนโลยีพณิชยการอยุธยา,94,6,,โรจนะ,ไผ่ลิง,พระนครศรีอยุธยา,พระนครศรีอยุธยา,035-335-873,14.3507003,100.6018858,รับอุดหนุน,เปิดกิจการ
116,1314100025,วิทยาลัยเทคโนโลยีอยุธยา,21/48,2,,,ท่าวาสุกรี,พระนครศรีอยุธยา,พระนครศรีอยุธยา,035-242-247,14.35701,100.551692,รับอุดหนุน,เปิดกิจการ
117,1314100026,วิทยาลัยเทคโนโลยีผดุงเสนาบริหารธุรกิจ,123/1,8,,,สามกอ,เสนา,พระนครศรีอยุธยา,035-217-154,14.3209382,100.3962958,รับอุดหนุน,เปิดกิจการ
118,1314100027,วิทยาลัยเทคโนโลยีไทยอโยธยาบริหารธุรกิจ,91/1,1,,โรจนะ,ธนู,อุทัย,พระนครศรีอยุธยา,35336335,14.3459956,100.6079747,รับอุดหนุน,เปิดกิจการ
119,1315100009,วิทยาลัยเทคโนโลยีเมืองอ่างทอง,44/35,4,,,ศาลาแดง,เมืองอ่างทอง,อ่างทอง,035-616-100,,,ไม่รับอุดหนุน,ไม่มีสภาพ
120,1316100038,วิทยาลัยเทคโนโลยีเอเชียลพบุรี,พ.ค.-45,3,,,ป่าตาล,เมืองลพบุรี,ลพบุรี,036-424-345,14.79312,100.6376111,รับอุดหนุน,เปิดกิจการ
121,1316100039,วิทยาลัยเทคโนโลยีพณิชยการลพบุรี,60/10,3,,นเรศวร,ป่าตาล,เมืองลพบุรี,ลพบุรี,036-413-475,14.7905831,100.6362214,รับอุดหนุน,เปิดกิจการ
122,1316100040,วิทยาลัยเทคโนโลยีละโว้,95/11,4,,,เขาสามยอด,เมืองลพบุรี,ลพบุรี,036-413-139,14.8279145,100.6487021,รับอุดหนุน,เปิดกิจการ
123,1316100041,วิทยาลัยเทคโนโลยีลพบุรี,237,,,นารายณ์มหาราช,ทะเลชุบศร,เมืองลพบุรี,ลพบุรี,036-412-568,14.799258,100.630918,รับอุดหนุน,เปิดกิจการ
124,1316100042,วิทยาลัยเทคโนโลยีบริหารธุรกิจละโว้,19,11,,,นิคมสร้างตนเอง,เมืองลพบุรี,ลพบุรี,036-785-307,,,รับอุดหนุน,เลิกกิจการ
125,1316100044,วิทยาลัยเทคโนโลยีชัยบาดาล,244/4,6,,ท่าดินดำ,ลำนารายณ์,ชัยบาดาล,ลพบุรี,036-680-114,15.2021543,101.1378367,รับอุดหนุน,เปิดกิจการ
126,1316100049,วิทยาลัยเทคโนโลยีอาชีวศึกษาหนองม่วง,555,2,,,หนองม่วง,หนองม่วง,ลพบุรี,36432266,15.2274609,100.6639813,รับอุดหนุน,เปิดกิจการ
127,1317100014,วิทยาลัยเทคโนโลยีบริหารธุรกิจสิงห์บุรี,601,,,ธรรมโชติ,บางพุทรา,เมืองสิงห์บุรี,สิงห์บุรี,36511622,14.89100615,100.4019543,ไม่รับอุดหนุน,เปิดกิจการ
128,1317100015,วิทยาลัยเทคโนโลยีพณิชยการสิงห์บุรี,601,,,ธรรมโชติ,บางพุทรา,เมืองสิงห์บุรี,สิงห์บุรี,36511907,14.8909569,100.401796,รับอุดหนุน,เปิดกิจการ
129,1318100009,วิทยาลัยเทคโนโลยีชัยนาท,194,6,,,บ้านกล้วย,เมืองชัยนาท,ชัยนาท,056-411-508,,,ไม่รับอุดหนุน,ยื่นขอเลิกกิจการ/ไม่จัดการเรียนการสอน
130,1319100022,โปลีเทคนิคสระบุรี,,,,,,,,,,,รับอุดหนุน,เลิกกิจการ
131,1319100025,วิทยาลัยเทคโนโลยีชื่นชมไทย-เยอรมันสระบุรี,116/2,10,,แก่งคอย-บ้านนา,ตาลเดี่ยว,แก่งคอย,สระบุรี,036-358-311-4,14.5367345,101.0081583,รับอุดหนุน,เปิดกิจการ
132,1319100026,วิทยาลัยเทคโนโลยีอาชีวเกษตรสงเคราะห์สระบุรี,90/2,1,,,แก่งคอย,แก่งคอย,สระบุรี,36200343,14.54513386,101.0764707,ไม่รับอุดหนุน,เปิดกิจการ
133,1319100027,วิทยาลัยอาชีวศึกษาสยามภูมิ,99,1,,พหลโยธิน,เขาดินพัฒนา,เฉลิมพระเกียรติ,สระบุรี,036-679740,,,ไม่รับอุดหนุน,เลิกกิจการ
134,1320100100,วิทยาลัยเทคโนโลยีดาราสมุทรบริหารธุรกิจ,314/8,5,เมรี่,เศรษฐกิจ,บ้านสวน,เมืองชลบุรี,ชลบุรี,038-799-851-2,,,ไม่รับอุดหนุน,ไม่มีนักเรียน/ไม่จัดการเรียนการสอน
135,1320100102,วิทยาลัยเทคโนโลยีชลพินิจ,156/5,3,บ้านสวน-สุขุมวิท23,สุขุมวิท,บ้านสวน,เมืองชลบุรี,ชลบุรี,038-285-371,13.3455643,100.971559,รับอุดหนุน,เปิดกิจการ
136,1320100103,วิทยาลัยอาชีวศึกษาเทคนิคบริหารธุรกิจกรุงเทพชลบุรี,60/9,4,สุขาภิบาล11,,หนองข้างคอก,เมืองชลบุรี,ชลบุรี,038-151-089,13.336861,100.9986976,รับอุดหนุน,เปิดกิจการ
137,1320100104,วิทยาลัยเทคโนโลยีไทยเบญจบริหารธุรกิจชลบุรี,695/11 ก.,,,,มะขามหย่ง,เมืองชลบุรี,ชลบุรี,038-277-777,,,ไม่รับอุดหนุน,เลิกกิจการ
138,1320100105,วิทยาลัยเทคโนโลยีเมืองชลพณิชยการ,856ข,,,เจตน์จำนง,บางปลาสร้อย,เมืองชลบุรี,ชลบุรี,038-271-558,13.3653851,100.9881544,รับอุดหนุน,เปิดกิจการ
139,1320100106,วิทยาลัยเทคโนโลยีชลบุรี,80/90,3,,สุขุมวิท,เสม็ด,เมืองชลบุรี,ชลบุรี,038-784-681-4,13.320839,100.960557,รับอุดหนุน,เปิดกิจการ
140,1320100107,วิทยาลัยเทคโนโลยีชลบุรีบริหารธุรกิจ,478,,,ราษฎร์ประสงค์,มะขามหย่ง,เมืองชลบุรี,ชลบุรี,038-270-555,13.37093,100.988946,รับอุดหนุน,เปิดกิจการ
141,1320100108,วิทยาลัยเทคโนโลยีวิศวกรรม บริหารธุรกิจ,89,8,,เศรษฐกิจ (ชลบุรี - บ้านบึง),หนองรี,เมืองชลบุรี,ชลบุรี,038-476-599,13.3422277,101.0483419,รับอุดหนุน,เปิดกิจการ
142,1320100109,วิทยาลัยอาชีวศึกษาพณิชยการชลบุรี,55/5,1,,ชลบุรี-บ้านบึง,หนองซ้ำซาก,บ้านบึง,ชลบุรี,038-379-523,13.33796706,101.0612482,รับอุดหนุน,เปิดกิจการ
143,1320100110,วิทยาลัยเทคโนโลยีพัทยาบริหารธุรกิจ,,,,,นาเกลือ,บางละมุง,ชลบุรี,,12.9235557,100.8824551,ไม่รับอุดหนุน,เปิดกิจการ
144,1320100111,วิทยาลัยเทคโนโลยีอักษรพัทยา,189/30,11,,เทพประสิทธิ์,หนองปรือ,บางละมุง,ชลบุรี,0-3841-5611,12.9115769,100.8911561,รับอุดหนุน,เปิดกิจการ
145,1320100112,วิทยาลัยเทคโนโลยีไทยอิโตะ,310/6,6,,สุขุมวิท,หนองปรือ,บางละมุง,ชลบุรี,038-411-064,12.937732,100.920256,รับอุดหนุน,เปิดกิจการ
146,1320100113,วิทยาลัยเทคโนโลยีพัทยาพณิชยการ,119,5,,พัทยา-นาเกลือ,นาเกลือ,บางละมุง,ชลบุรี,038-423-938,12.9626059,100.8969617,รับอุดหนุน,เปิดกิจการ
147,1320100114,วิทยาลัยเทคโนโลยีภาคตะวันออก (อี.เทค),231,2,,สุขประยูร,หนองตำลึง,พานทอง,ชลบุรี,038-206081-3,13.413027,101.062116,รับอุดหนุน,เปิดกิจการ
148,1320100115,วิทยาลัยเทคโนโลยีวิศวกรรมแหลมฉบัง,38/29,5,,,ทุ่งสุขลา,ศรีราชา,ชลบุรี,038-490-490,13.0812917,100.9131956,รับอุดหนุน,เปิดกิจการ
149,1320100116,วิทยาลัยเทคโนโลยีอีอีซี เอ็นจิเนีย แหลมฉบัง,75/2,10,,สุขาภิบาล 10,ทุ่งสุขลา,ศรีราชา,ชลบุรี,038-494-063,13.0866064,100.9363918,รับอุดหนุน,เปิดกิจการ
150,1320100117,วิทยาลัยเทคโนโลยีศรีราชา,ธ.ค.-19,2,,สุขุมวิท,ทุ่งสุขลา,ศรีราชา,ชลบุรี,038-352-440,13.105705,100.914587,รับอุดหนุน,เปิดกิจการ
151,1320100118,วิทยาลัยเทคโนโลยีพณิชยการสัตหีบ,175,9,,สุขุมวิท,นาจอมเทียน,สัตหีบ,ชลบุรี,038-237-718,12.820536,100.918596,รับอุดหนุน,เปิดกิจการ
152,1320100119,วิทยาลัยเทคโนโลยีจอมเทียนบริหารธุรกิจ,133/5,8,,,บางเสร่,สัตหีบ,ชลบุรี,817619464,12.7601661,100.9027748,รับอุดหนุน,เปิดกิจการ
153,1320100135,วิทยาลัยเทคโนโลยีบางละมุงอินเตอร์-เทค,134/1,3,วัดประชุมคงคา,สุขุมวิท,บางละมุง,บางละมุง,ชลบุรี,038-234-343,13.0211312,100.9290067,รับอุดหนุน,เปิดกิจการ
154,1320100141,วิทยาลัยอาชีวศึกษาคิงส์ตัน พัทยา,297/1-5,6,,สุขุมวิท,นาเกลือ,บางละมุง,ชลบุรี,038-429-350,12.95487,100.9071984,ไม่รับอุดหนุน,เปิดกิจการ
155,1320100167,วิทยาลัยเทคโนโลยีเมืองชลบริหารธุรกิจ,111,2,,สุขุมวิท,บางพระ,ศรีราชา,ชลบุรี,038-341888,13.2227005,100.9394555,รับอุดหนุน,เปิดกิจการ
156,1320100170,วิทยาลัยเทคโนโลยีทางทะเลแห่งเอเชีย,79/4,4,,,บึง,ศรีราชา,ชลบุรี,038-042-011,13.0615666,100.9901373,รับอุดหนุน,เปิดกิจการ
157,1320100173,วิทยาลัยเทคโนโลยีภาคตะวันออก (อี.เทค) ชลบุรี,231/2,2,,,หนองตำลึง,พานทอง,ชลบุรี,206081,,,ไม่รับอุดหนุน,ควบรวมกิจการ
158,1320100174,วิทยาลัยเทคโนโลยีสว่างบริบูรณ์ พัทยา,31/40,5,,,หนองปรือ,บางละมุง,ชลบุรี,954058798,12.93327905,100.9153818,รับอุดหนุน,เปิดกิจการ
159,1320100175,วิทยาลัยเทคโนโลยีพระมหาไถ่ พัทยา,440,9,,,หนองปรือ,บางละมุง,ชลบุรี,089 403 5950,12.9401655,100.8985977,รับอุดหนุน,เปิดกิจการ
160,1320100176,วิทยาลัยเทคโนโลยีอักษรบางละมุง,265/46,1,บางละมุง 27,สุขุมวิท,บางละมุง,บางละมุง,ชลบุรี,38182585,13.0160255,100.9330679,รับอุดหนุน,เปิดกิจการ
161,1321100032,วิทยาลัยเทคโนโลยีระยองบริหารธุรกิจ,77/1,,ทางเข้าเรือนจำ ,จันทอุดม,เชิงเนิน,เมืองระยอง,ระยอง,38861568,12.6900267,101.2784068,รับอุดหนุน,เปิดกิจการ
162,1321100033,วิทยาลัยเทคโนโลยีไออาร์พีซี,309,5,,สุขุมวิท,เชิงเนิน,เมืองระยอง,ระยอง,038-022-835-7,12.6683532,101.3163256,รับอุดหนุน,เปิดกิจการ
163,1321100034,วิทยาลัยอาชีวศึกษาโปลีเทคนิคระยอง,299/1,5,,สุขุมวิท,เชิงเนิน,เมืองระยอง,ระยอง,038-022-845,12.6644247,101.3145436,รับอุดหนุน,เปิดกิจการ
164,1321100035,วิทยาลัยเทคโนโลยีพัฒนเวช,171/5,4,,หาดยาว-คลองบางไผ่,สำนักท้อน,บ้านฉาง,ระยอง,038-030-442,12.7128279,101.0020831,รับอุดหนุน,เปิดกิจการ
165,1321100042,วิทยาลัยเทคโนโลยีอักษรบริหารธุรกิจ,111/7,3,,สุขุมวิท,บ้านฉาง,บ้านฉาง,ระยอง,038-604-7412,12.7281499,101.0611836,รับอุดหนุน,เปิดกิจการ
166,1321100043,วิทยาลัยเทคโนโลยีอาเซียนบริหารธุรกิจ,10-ส.ค.,,สุนทรภู่ 4,,วังหว้า,แกลง,ระยอง,038-026-400,12.7680567,101.643012,รับอุดหนุน,เปิดกิจการ
167,1322100020,วิทยาลัยเทคโนโลยีจันทบุรี,594,1,,เฉลิมพระเกียรติ ร.9,ปะตง,สอยดาว,จันทบุรี,039-421-218,13.139855,102.206241,รับอุดหนุน,เปิดกิจการ
168,1322100044,วิทยาลัยเทคโนโลยีตากสินบริหารธุรกิจ,79,4,,เฉลิมพระเกียรติ ร.9,ปัถวี,มะขาม,จันทบุรี,39389555,12.7065197,102.2134798,รับอุดหนุน,เปิดกิจการ
169,1322100050,วิทยาลัยอาชีวศึกษาออมสินอุปถัมภ์,199,3,,ท่าแฉลบ,บางกะจะ,เมืองจันทบุรี,จันทบุรี,039-391-666,12.5826121,102.0774226,รับอุดหนุน,เปิดกิจการ
170,1324100024,วิทยาลัยเทคโนโลยีศรีวรการ,44,,,สรรค์ประศาสน์,หน้าเมือง,เมืองฉะเชิงเทรา,ฉะเชิงเทรา,038-511-074,13.690361,101.0862821,รับอุดหนุน,เปิดกิจการ
171,1324100025,วิทยาลัยเทคโนโลยีฉะเชิงเทรา,มี.ค.-48,,5,ศรีโสธรตัดใหม่,หน้าเมือง,เมืองฉะเชิงเทรา,ฉะเชิงเทรา,38512426,13.7544156,101.5022877,รับอุดหนุน,เปิดกิจการ
172,1324100026,วิทยาลัยเทคโนโลยียานยนต์โตโยต้า,25,7,,สุวินทวงศ์,คลองนครเนื่องเขต,เมืองฉะเชิงเทรา,ฉะเชิงเทรา,38092103117,13.760739,100.9901675,ไม่รับอุดหนุน,เปิดกิจการ
173,1324100027,โรงเรียนพณิชยการฉะเชิงเทรา,มี.ค.-20,,,ศรีโสธรตัดใหม่,หน้าเมือง,เมืองฉะเชิงเทรา,ฉะเชิงเทรา,385160234,,,ไม่รับอุดหนุน,ยื่นขอเลิกกิจการ/ไม่จัดการเรียนการสอน
174,1324100028,วิทยาลัยเทคโนโลยีบางปะกงบริหารธุรกิจ,1/425,14,7-มี.ค.,จรัญญานนท์,บางวัว,บางปะกง,ฉะเชิงเทรา,"385,388,090,802,099,000",13.5457302,100.9717047,รับอุดหนุน,เปิดกิจการ
175,1324100042,วิทยาลัยเทคโนโลยีอาเซียนไทยบ้านโพธิ์,99/9,3,,,หนองตีนนก,บ้านโพธิ์,ฉะเชิงเทรา,958581053,13.6033834,101.1104252,รับอุดหนุน,เปิดกิจการ
176,1324100044,วิทยาลัยเทคโนโลยีวิถีอิสลาม,57,4,,,ดอนฉิมพลี,บางน้ำเปรี้ยว,ฉะเชิงเทรา,038-585204,,,ไม่รับอุดหนุน,ไม่มีนักเรียน/ไม่จัดการเรียนการสอน
177,1324100045,วิทยาลัยเทคโนโลยีการจัดการนวัตกรรม,45/3,1,,,แสนภูดาษ,บ้านโพธิ์,ฉะเชิงเทรา,38090620,13.56802,101.03092,รับอุดหนุน,เปิดกิจการ
178,1325100022,วิทยาลัยอาชีวศึกษาพณิชยการปราจีนบุรี,97,,,เทศบาลดำริ,หน้าเมือง,เมืองปราจีนบุรี,ปราจีนบุรี,037-211-401,14.0553218,101.3680595,รับอุดหนุน,เปิดกิจการ
179,1325100023,วิทยาลัยเทคโนโลยีสายมิตรปราจีนบุรี,303,11,,304 นครราชสีมา-ฉะเชิงเทรา,กบินทร์,กบินทร์บุรี,ปราจีนบุรี,037-480-866-7,13.8768533,101.6726755,รับอุดหนุน,เปิดกิจการ
180,1325100024,วิทยาลัยอาชีวศึกษากบินทร์บุรี,49,,,ริมน้ำ,กบินทร์,กบินทร์บุรี,ปราจีนบุรี,037-480-922,,,ไม่รับอุดหนุน,ยื่นขอเลิกกิจการ/ไม่จัดการเรียนการสอน
181,1325100025,วิทยาลัยเทคโนโลยีนครกบินทร์,295,4,,304,เมืองเก่า,กบินทร์บุรี,ปราจีนบุรี,37281963,14.01776269,101.7782755,รับอุดหนุน,เปิดกิจการ
182,1326100013,วิทยาลัยเทคโนโลยีวีรพัฒน์,ข4-386/4,,,สุวรรณศร,นครนายก,เมืองนครนายก,นครนายก,037-321-245,14.197389,101.220986,รับอุดหนุน,เปิดกิจการ
183,1326100014,วิทยาลัยเทคโนโลยีพณิชยการนครนายก,ข4-196/6,,,วัดอุดมธานี,นครนายก,เมืองนครนายก,นครนายก,37311691,14.206624,101.227383,รับอุดหนุน,เปิดกิจการ
184,1326100025,วิทยาลัยอาชีวศึกษาสิริวัฒน์,207/1,4,,,ดงละคร,เมืองนครนายก,นครนายก,972385917,14.16377075,101.1691754,รับอุดหนุน,เปิดกิจการ
185,1327100010,วิทยาลัยเทคโนโลยีสระแก้ว,337,1,,สุวรรณศร,ศาลาลำดวน,เมืองสระแก้ว,สระแก้ว,037-247-147,13.8671915,102.0181024,รับอุดหนุน,เปิดกิจการ
186,1327100012,วิทยาลัยเทคโนโลยี ไฮเทค สระแก้ว,888,2,,สุวรรณศร,ท่าเกษม,เมืองสระแก้ว,สระแก้ว,037-447-320,16.8505042,99.1177851,รับอุดหนุน,เปิดกิจการ
187,1327100013,วิทยาลัยเทคโนโลยีอรัญประเทศ,145,1,,,บ้านด่าน,อรัญประเทศ,สระแก้ว,037-433-171,,,ไม่รับอุดหนุน,ยื่นขอเลิกกิจการ/ไม่จัดการเรียนการสอน
188,1330100094,วิทยาลัยเทคโนโลยีอาชีวศึกษา,199,4,,มิตรภาพ-ขอนแก่น,บ้านโพธิ์,เมืองนครราชสีมา,นครราชสีมา,044-955-111-4,15.0639351,102.1841842,รับอุดหนุน,เปิดกิจการ
189,1330100095,วิทยาลัยเทคโนโลยีอาชีวศึกษานครราชสีมา,199,4,,มิตรภาพ-ขอนแก่น,บ้านโพธิ์,เมืองนครราชสีมา,นครราชสีมา,044-955-111-4,15.0639351,102.1841842,ไม่รับอุดหนุน,เปิดกิจการ
190,1330100096,วิทยาลัยเทคโนโลยีชนะพลขันธ์ นครราชสีมา,77/1,4,,มิตรภาพ,บ้านใหม่,เมืองนครราชสีมา,นครราชสีมา,44465168,14.9493004,102.0106511,รับอุดหนุน,เปิดกิจการ
191,1330100098,โรงเรียนเมรี่เทคโนโลยี,804,,ลำปรุ 2,มิตรภาพ,ในเมือง,เมืองนครราชสีมา,นครราชสีมา,044-241427,,,ไม่รับอุดหนุน,เลิกกิจการ
192,1330100099,วิทยาลัยเทคโนโลยีมารีย์บริหารธุรกิจ,888,,4,เดชอุดม,ในเมือง,เมืองนครราชสีมา,นครราชสีมา,044-205-316,14.97008,102.0812,รับอุดหนุน,เปิดกิจการ
193,1330100100,วิทยาลัยเทคโนโลยีช่างกลพณิชยการนครราชสีมา,700,,,กีฬากลาง,ในเมือง,เมืองนครราชสีมา,นครราชสีมา,44924113,14.993949,102.1093654,รับอุดหนุน,เปิดกิจการ
194,1330100101,วิทยาลัยเทคโนโลยีบัวใหญ่,77/1,,,เทศบาล 7,บัวใหญ่,บัวใหญ่,นครราชสีมา,444623902,15.5782127,102.4246639,รับอุดหนุน,เปิดกิจการ
195,1330100102,วิทยาลัยอาชีวศึกษากุสุมภ์เทคโนโลยี,148,,,มิตรภาพ,ปากช่อง,ปากช่อง,นครราชสีมา,044-311-211,14.6842336,101.4055872,รับอุดหนุน,เปิดกิจการ
196,1330100103,วิทยาลัยเทคโนโลยีพณิชยการปากช่อง,64,,,เทศบาล 29,ปากช่อง,ปากช่อง,นครราชสีมา,44312021,14.7134647,101.4200971,รับอุดหนุน,เปิดกิจการ
197,1330100104,วิทยาลัยเทคโนโลยีสายมิตรนครราชสีมา,178,2,,โชคชัย - เดชอุดม,บ้านใหม่,หนองบุญมาก,นครราชสีมา,"44,081,048,044,490,100",14.7411956,102.3801203,รับอุดหนุน,เปิดกิจการ
198,1330100111,วิทยาลัยเทคโนโลยีบริหารธุรกิจรักไทย คง,189/3-5,8,,,เมืองคง,คง,นครราชสีมา,44469341,15.4378255,102.3193512,รับอุดหนุน,เปิดกิจการ
199,1330100118,วิทยาลัยอาชีวศึกษาเซนต์แอนน์,210,1,,,แชะ,ครบุรี,นครราชสีมา,44007355,14.4349111,102.1632718,รับอุดหนุน,เปิดกิจการ
200,1330100119,วิทยาลัยอาชีวศึกษาจุลมณีสุรนารี,90,1,,,โนนเมือง,ขามสะแกแสง,นครราชสีมา,44002778,15.4168139,102.137212,รับอุดหนุน,เปิดกิจการ
201,1330100120,วิทยาลัยอาชีวศึกษาเพชรน้ำหนึ่ง,35,5,,,ไทยเจริญ,หนองบุญมาก,นครราชสีมา,933219621,14.7511234,102.4631112,รับอุดหนุน,เปิดกิจการ
202,1330100121,วิทยาลัยเทคโนโลยีอินเทคบัวใหญ่,18,,,สุรนารี 3,บัวใหญ่,บัวใหญ่,นครราชสีมา,899414383,15.5751717,102.4327801,รับอุดหนุน,เปิดกิจการ
203,1331100014,วิทยาลัยเทคโนโลยีเบญจ,259,16,,บุรีรัมย์-สุรินทร์,สวายจีก,เมืองบุรีรัมย์,บุรีรัมย์,044-634-770,14.9329935,103.1430982,รับอุดหนุน,เปิดกิจการ
204,1331100015,รัตนเทคโนโลยี,,,,,,,,,,,ไม่รับอุดหนุน,เลิกกิจการ
205,1331100047,วิทยาลัยเทคโนโลยีบริหารธุรกิจรักไทย ละหานทราย,149/2,9,,ละหานทราย-ตาพระยา,ละหานทราย,ละหานทราย,บุรีรัมย์,044-649-327,14.3970099,102.8507786,รับอุดหนุน,เปิดกิจการ
206,1331100048,วิทยาลัยเทคโนโลยีบริหารธุรกิจรักไทย พุทไธสง,136,5,,,พุทไธสง,พุทไธสง,บุรีรัมย์,044-110-458,15.5625346,102.9773816,รับอุดหนุน,เปิดกิจการ
207,1331100055,วิทยาลัยอาชีวศึกษาพณิชยการบุรีรัมย์,73,7,,โชคชัย-เดชอุดม,หนองกี่,หนองกี่,บุรีรัมย์,044-641-841,14.6802192,102.5493541,รับอุดหนุน,เปิดกิจการ
208,1331100057,วิทยาลัยอาชีวศึกษานาฏศิลป์และการท่องเที่ยวบุรีรัมย์,66,11,,บุรีรัมย์-นางรอง,ถนนหัก,นางรอง,บุรีรัมย์,044-632-526,14.6409552,102.8361647,รับอุดหนุน,เปิดกิจการ
209,1332100005,โรงเรียนเบญจเทคโนสุรินทร์,262,2,,สุรินทร์ - สังขะ,นอกเมือง,เมืองสุรินทร์,สุรินทร์,44512740,,,ไม่รับอุดหนุน,เลิกกิจการ
210,1332100007,เทคโนโลยีสุรินทร์ศึกษา,3-ก.พ.,,,ปอยปริง,ในเมือง,เมืองสุรินทร์,สุรินทร์,044-520-038,,,ไม่รับอุดหนุน,เลิกกิจการ
211,1333100014,วิทยาลัยอาชีวศึกษาศรีสะเกษบริหารธุรกิจ,63,8,,วิจิตรนคร,น้ำคำ,เมืองศรีสะเกษ,ศรีสะเกษ,45613046,15.1334844,104.3312581,รับอุดหนุน,เปิดกิจการ
212,1333100015,วิทยาลัยเทคโนโลยีศรีสะเกษ,1477/11,,,วิจิตรนคร,เมืองใต้,เมืองศรีสะเกษ,ศรีสะเกษ,045-613-072,15.1128441,104.3328182,รับอุดหนุน,เปิดกิจการ
213,1333100021,วิทยาลัยอาชีวศึกษาจุลมณีศรีสะเกษ,54/1,11,,อุบล-ศรีสะเกษ,ดูน,กันทรารมย์,ศรีสะเกษ,45651705,15.1006645,104.5651996,รับอุดหนุน,เปิดกิจการ
214,1333100023,วิทยาลัยเทคโนโลยีพณิชยการราษีไศล,159,14,,,เมืองคง,ราษีไศล,ศรีสะเกษ,45681210,15.3550197,104.1535045,รับอุดหนุน,เปิดกิจการ
215,1333100025,วิทยาลัยอาชีวศึกษาสัมมาสิกขาศีรษะอโศก,270,15,,ศรีสะเกษ - กันทรลักษ์,กระแชง,กันทรลักษ์,ศรีสะเกษ,45810621,14.664693,104.59279,รับอุดหนุน,เปิดกิจการ
216,1333100028,วิทยาลัยเทคโนโลยีพาณิชยการปรางค์กู่,159,14,,,กู่,ปรางค์กู่,ศรีสะเกษ,45826284,14.858771,104.010314,รับอุดหนุน,เปิดกิจการ
217,1333100038,วิทยาลัยอาชีวศึกษาจุลมณีอุทุมพรพิสัย,48,7,,ศรีอุทุมพร,กำแพง,อุทุมพรพิสัย,ศรีสะเกษ,45692563,15.1130726,104.1470866,รับอุดหนุน,เปิดกิจการ
218,1333100040,วิทยาลัยเทคโนโลยีบริหารธุรกิจรักไทย ขุขันธ์,407,3,,,ห้วยเหนือ,ขุขันธ์,ศรีสะเกษ,045-826-544,14.7008237,104.1993424,รับอุดหนุน,เปิดกิจการ
219,1333100043,วิทยาลัยเทคโนโลยีศรีสะเกษบริหารธุรกิจ,199,10,,,หนองหญ้าลาด,กันทรลักษ์,ศรีสะเกษ,45810628,14.6657815,104.6239308,รับอุดหนุน,เปิดกิจการ
220,1333100049,วิทยาลัยเทคโนโลยีไพรบึง,266,15,,,สำโรงพลัน,ไพรบึง,ศรีสะเกษ,986486621,,,ไม่รับอุดหนุน,ยื่นขอเลิกกิจการ/ไม่จัดการเรียนการสอน
221,1333100050,วิทยาลัยเทคโนโลยีหลวงปู่สรวงวัดไพรพัฒนา,258,3,,,ไพรพัฒนา,ภูสิงห์,ศรีสะเกษ,812659154,14.4663666,104.0714878,รับอุดหนุน,เปิดกิจการ
222,1334010240,วิทยาลัยอาชีวศึกษาการท่องเที่ยวและการโรงแรมอุบลราชธานี,379,9,,,โนนผึ้ง,วารินชำราบ,อุบลราชธานี,045-210673,15.1503823,104.8276804,รับอุดหนุน,เปิดกิจการ
223,1334100045,วิทยาลัยอาชีวศึกษาโปลีเทคนิคภาคตะวันออกเฉียงเหนือ,749/1,,,ชยางกูร,ในเมือง,เมืองอุบลราชธานี,อุบลราชธานี,045-311-737,15.265134,104.8440025,รับอุดหนุน,เปิดกิจการ
224,1334100046,วิทยาลัยเทคโนโลยีอาชีวศึกษาอุบลราชธานี,487,18,,ชยางกูร,ขามใหญ่,เมืองอุบลราชธานี,อุบลราชธานี,045-312-176,,,ไม่รับอุดหนุน,ไม่มีนักเรียน/ไม่จัดการเรียนการสอน
225,1334100047,วิทยาลัยเทคโนโลยีราชพฤกษ์,330,10,,,เมืองเดช,เดชอุดม,อุบลราชธานี,045-870-026,14.944522,105.031985,รับอุดหนุน,เปิดกิจการ
226,1334100070,วิทยาลัยอาชีวศึกษาชุติญาบริหารธุรกิจ,74,15,,แจ้งสนิท(อุบลฯ-เขื่องใน),หนองขอน,เมืองอุบลราชธานี,อุบลราชธานี,045-344-159,15.3192345,104.7343588,รับอุดหนุน,เปิดกิจการ
227,1334100114,นันตาศึกษา แผนกอาชีวศึกษา (ยกเลิกชั้นเรียนระดับปวชแล้ว),138,1,,เขื่องใน-ยางชุมน้อย,เขื่องใน,เขื่องใน,อุบลราชธานี,045-423545,,,ไม่รับอุดหนุน,เลิกกิจการ
228,1334100115,วิทยาลัยเทคโนโลยีคาริสา,66,12,,,พะลาน,นาตาล,อุบลราชธานี,933024419,15.9510499,105.3464071,รับอุดหนุน,เปิดกิจการ
229,1334100118,วิทยาลัยอาชีวศึกษาวัดสวายน้อย,9,4,,,ยางใหญ่,น้ำยืน,อุบลราชธานี,862464712,14.5844818,105.1183156,รับอุดหนุน,เปิดกิจการ
230,1334100119,วิทยาลัยเทคโนโลยีบริหารธุรกิจรักไทย บุณฑริก,99,9,,,โพนงาม,บุณฑริก,อุบลราชธานี,084-5852870,14.7564401,105.4201202,รับอุดหนุน,เปิดกิจการ
231,1334100120,วิทยาลัยเทคโนโลยีบริหารธุรกิจรักไทย เขมราฐ,333,2,,ตระการ - เขมราฐ,หัวนา,เขมราฐ,อุบลราชธานี,45861214,15.8326236,105.1590858,รับอุดหนุน,เปิดกิจการ
232,1334100121,วิทยาลัยเทคโนโลยีบริหารธุรกิจรักไทย น้ำยืน,399,13,,,สีวิเชียร,น้ำยืน,อุบลราชธานี,045-955207,14.4912824,105.0444412,รับอุดหนุน,เปิดกิจการ
233,1334100122,วิทยาลัยเทคโนโลยีบริหารธุรกิจรักไทย สิรินธร,80,15,,สถิตนิมานกาล,คันไร่,สิรินธร,อุบลราชธานี,045-210446,15.175663,105.355578,รับอุดหนุน,เปิดกิจการ
234,1334100128,วิทยาลัยเทคโนโลยีจาฏุพัจน์ศึกษาสงเคราะห์,36,8,,อุบล-ตระการ,ไร่น้อย,เมืองอุบลราชธานี,อุบลราชธานี,045-422501,15.3453866,104.9132584,รับอุดหนุน,เปิดกิจการ
235,1334100134,วิทยาลัยเทคโนโลยีพณิชยการนาจะหลวย,75,18,,,นาจะหลวย,นาจะหลวย,อุบลราชธานี,817908709,14.532738,105.2401084,รับอุดหนุน,เปิดกิจการ
236,1334100138,วิทยาลัยอาชีวศึกษาเตรียมบัณฑิตบุณฑริก,239,2,,,บัวงาม,บุณฑริก,อุบลราชธานี,45376075,14.7555158,105.3850623,รับอุดหนุน,เปิดกิจการ
237,1334100140,วิทยาลัยอาชีวศึกษาสัมมาสิกขาวิชชาราม,77,10,,,วารินชำราบ,วารินชำราบ,อุบลราชธานี,854976700,15.224911,104.8993791,รับอุดหนุน,เปิดกิจการ
238,1334100143,วิทยาลัยเทคโนโลยีธัญลักษณ์,442/2,5,,ม่วงสามสิบ-เขื่องใน,ม่วงสามสิบ,ม่วงสามสิบ,อุบลราชธานี,,15.5063087,104.7213437,รับอุดหนุน,เปิดกิจการ
239,1334100145,วิทยาลัยเทคโนโลยีสมาร์ทเทค,199/9,2,,,บัวงาม,บุณฑริก,อุบลราชธานี,087 -5450961,14.7657502,105.3971042,รับอุดหนุน,เปิดกิจการ
240,1334100148,วิทยาลัยอาชีวศึกษาการจัดการอุตสาหกรรมบริการ,370,17,,อุบล-พิบูลฯ,ไร่น้อย,เมืองอุบลราชธานี,อุบลราชธานี,045-996162,15.2805693,104.8659017,รับอุดหนุน,เปิดกิจการ
241,1334100149,วิทยาลัยอาชีวศึกษาพลาญข่อย,122,10,,,ช่องเม็ก,สิรินธร,อุบลราชธานี,932344556,15.0970369,105.4516121,รับอุดหนุน,เปิดกิจการ
242,1334100150,วิทยาลัยอาชีวศึกษาเขื่องใน,117,7,,,เขื่องใน,เขื่องใน,อุบลราชธานี,045-251868,15.8369633,104.1090434,รับอุดหนุน,เปิดกิจการ
243,1335100012,วิทยาลัยเทคโนโลยียโสธรอินเตอร์เนชั่นแนล,154,5,,แจ้งสนิท,สำราญ,เมืองยโสธร,ยโสธร,045-586-301,15.8324036,104.1135022,รับอุดหนุน,เปิดกิจการ
244,1335100015,วิทยาลัยเทคโนโลยีมหาชนะชัย,297,9,,ชัยกุมาร,ฟ้าหยาด,มหาชนะชัย,ยโสธร,045-979-808,15.5333272,104.226702,รับอุดหนุน,เปิดกิจการ
245,1335100016,วิทยาลัยเทคโนโลยีศรีพิพัฒน์อินเตอร์,192,5,,วารีราชเดช,กุดชุม,กุดชุม,ยโสธร,045-789-337,16.0168666,104.3201065,รับอุดหนุน,เปิดกิจการ
246,1335100018,วิทยาลัยอาชีวศึกษายโสธร,77,11,,แจ้งสนิท,สำราญ,เมืองยโสธร,ยโสธร,045-586-029,15.8369633,104.1090434,รับอุดหนุน,เปิดกิจการ
247,1335100020,วิทยาลัยอาชีวศึกษาเลิงนกทา,102,2,,ชยางกูร,สามแยก,เลิงนกทา,ยโสธร,045-781-661,16.187406,104.565131,รับอุดหนุน,เปิดกิจการ
248,1335100024,วิทยาลัยเทคโนโลยีไทยธุรกิจ,93,2,,โคกยาว-นาเวียง,ดู่ลาด,ทรายมูล,ยโสธร,045-970-499,15.99847072,104.1957951,รับอุดหนุน,เปิดกิจการ
249,1335100027,วิทยาลัยเทคโนโลยีเอกวรรณยโสธร,191,8,,วารีราชเดช,ทุ่งแต้,เมืองยโสธร,ยโสธร,045-583-071,15.91838,104.1944137,รับอุดหนุน,เปิดกิจการ
250,1336100024,วิทยาลัยเทคโนโลยีชัยภูมิบริหารธุรกิจ,107/118,,,ชัยประสิทธิ์,ในเมือง,เมืองชัยภูมิ,ชัยภูมิ,044-811-331,15.8118233,102.0236291,รับอุดหนุน,เปิดกิจการ
251,1336100025,วิทยาลัยเทคโนโลยีบริหารธุรกิจศิขรินทร์,89,8,,ภูเขียว-ชัยภูมิ,ธาตุทอง,ภูเขียว,ชัยภูมิ,868597112,16.2369152,102.1951428,รับอุดหนุน,เปิดกิจการ
252,1336100026,วิทยาลัยเทคโนโลยีภูเขียว,199,17,,ภูเขียว  - เกษตรสมบูรณ์,ผักปัง,ภูเขียว,ชัยภูมิ,044-862-202,16.3614657,102.1158374,รับอุดหนุน,เปิดกิจการ
253,1336100028,วิทยาลัยอาชีวศึกษาไทเฉลิมราชชัยภูมิ,155,11,,,หนองบัวแดง,หนองบัวแดง,ชัยภูมิ,044-100882,16.07160792,101.7865642,รับอุดหนุน,เปิดกิจการ
254,1336100029,วิทยาลัยเทคโนโลยี ไฮเทค ชัยภูมิ,151,7,,,กุดเลาะ,เกษตรสมบูรณ์,ชัยภูมิ,044-136-688,16.294415,101.936306,รับอุดหนุน,เปิดกิจการ
255,1336100030,วิทยาลัยเทคโนโลยีอีสานบริหารธุรกิจ,9,11,,เกษตรสมบูรณ์-บ้านเป้า,กุดเลาะ,เกษตรสมบูรณ์,ชัยภูมิ,062-9016871,16.28639563,101.943047,รับอุดหนุน,เปิดกิจการ
256,1336100042,วิทยาลัยเทคโนโลยีคอนสาร,214,8,,คอนสาร - เขื่อนจุฬาภรณ์,ทุ่งนาเลา,คอนสาร,ชัยภูมิ,868597112,,,รับอุดหนุน,ยื่นขอเลิกกิจการ/ไม่จัดการเรียนการสอน
257,1336100044,วิทยาลัยอาชีวศึกษาศรีภามหานคร,169,7,,ชุมแพ-หล่มสัก,ดงบัง,คอนสาร,ชัยภูมิ,819655155,16.5938735,101.9573949,รับอุดหนุน,เปิดกิจการ
258,1336100047,วิทยาลัยเทคโนโลยีบางกอก,432,13,,หนองบัวแดง - ชัยภูมิ,หนองบัวแดง,หนองบัวแดง,ชัยภูมิ,044-100337,16.0739246,101.8106127,รับอุดหนุน,เปิดกิจการ
259,1336100049,วิทยาลัยเทคโนโลยีบ้านแท่น,101,10,,,สามสวน,บ้านแท่น,ชัยภูมิ,089-941-4383,16.3789187,102.2886419,รับอุดหนุน,เปิดกิจการ
260,1336100050,วิทยาลัยอาชีวศึกษาชัยภูมิ,195,12,,คอนสวรรค์-ลาดใหญ่,บ้านโสก,คอนสวรรค์,ชัยภูมิ,084-792-1919,15.9015935,102.26191,รับอุดหนุน,เปิดกิจการ
261,1336100052,วิทยาลัยอาชีวศึกษามหานครอาเซียน,50,2,,,วะตะแบก,เทพสถิต,ชัยภูมิ,847921919,15.3949172,101.4529745,รับอุดหนุน,เปิดกิจการ
262,1336100053,วิทยาลัยเทคโนโลยีมหานครชัยภูมิ,399,14,,,นาฝาย,เมืองชัยภูมิ,ชัยภูมิ,081-9655155,15.9259619,102.0147147,รับอุดหนุน,เปิดกิจการ
263,1337100005,วิทยาลัยอาชีวศึกษาโปลีเทคอำนาจเจริญ,143/1,9,,อรุณประเสริฐ,บุ่ง,เมืองอำนาจเจริญ,อำนาจเจริญ,045-511-555,15.8650819,104.6296747,รับอุดหนุน,เปิดกิจการ
264,1337100006,วิทยาลัยเทคโนโลยีอำนาจเจริญ,199,20,,อรุณประเสริฐ,บุ่ง,เมืองอำนาจเจริญ,อำนาจเจริญ,045-452-434,15.872482,104.6551754,รับอุดหนุน,เปิดกิจการ
265,1337100007,วิทยาลัยอาชีวศึกษาเอกวรรณ,93,10,,อรุณประเสริฐ,หนองมะแซว,เมืองอำนาจเจริญ,อำนาจเจริญ,045-524-529,15.8643846,104.7249902,รับอุดหนุน,เปิดกิจการ
266,1337100008,วิทยาลัยเทคโนโลยีสมาร์ทพลัส,59,6,,,อำนาจ,ลืออำนาจ,อำนาจเจริญ,875450961,15.691743,104.6481826,รับอุดหนุน,เปิดกิจการ
267,1337100009,วิทยาลัยเทคโนโลยีปทุมราชวงศา,337,2,,,นาหว้า,ปทุมราชวงศา,อำนาจเจริญ,816617978,15.8837914,104.9165425,รับอุดหนุน,เปิดกิจการ
268,1338100001,วิทยาลัยเทคโนโลยีโซ่พิสัย,237,8,,,คำแก้ว,โซ่พิสัย,บึงกาฬ,42086002,18.08656651,103.4883785,รับอุดหนุน,เปิดกิจการ
269,1338100003,วิทยาลัยเทคโนโลยีเอ็น-เทค บริหารธุรกิจปากคาด,195,10,,,ปากคาด,ปากคาด,บึงกาฬ,042-087200,18.3172783,103.315634,รับอุดหนุน,เปิดกิจการ
270,1339100008,วิทยาลัยเทคโนโลยีพิชญบัณฑิต,171/1,2,,วิจารณ์รังสรรค์,หนองบัว,เมืองหนองบัวลำภู,หนองบัวลำภู,42361044,17.2001622,102.4451065,รับอุดหนุน,เปิดกิจการ
271,1339100017,วิทยาลัยเทคโนโลยีบริหารธุรกิจรักไทยนากลาง,64,12,,อุดร-เลย,นากลาง,นากลาง,หนองบัวลำภู,042-359-601,17.2949035,102.2213277,รับอุดหนุน,เปิดกิจการ
272,1339100025,วิทยาลัยเทคโนโลยีบริหารธุรกิจศรีบุญเรือง,159,13,,,ศรีบุญเรือง,ศรีบุญเรือง,หนองบัวลำภู,042-353237,16.9444645,102.2603751,รับอุดหนุน,เปิดกิจการ
273,1339100026,วิทยาลัยเทคโนโลยีสงวนบริหารธุรกิจ,137/2,5,,,นากลาง,นากลาง,หนองบัวลำภู,42315703,17.3102668,102.2100756,รับอุดหนุน,เปิดกิจการ
274,1339100027,วิทยาลัยเทคโนโลยี ไทย - ญี่ปุ่น โยยากุ,73,1,,,โพธิ์ชัย,เมืองหนองบัวลำภู,หนองบัวลำภู,828745170,17.2063333,102.4089113,รับอุดหนุน,เปิดกิจการ
275,1340100094,วิทยาลัยเทคโนโลยีธุรกิจอาชีวะ,ก.ย.-99,13,,กสิกรทุ่งสร้าง,ในเมือง,เมืองขอนแก่น,ขอนแก่น,43247568,,,รับอุดหนุน,เลิกกิจการ
276,1340100095,วิทยาลัยเทคโนโลยีไทยบริหารธุรกิจขอนแก่น,ก.ย.-99,13,,กสิกรทุ่งสร้าง,ในเมือง,เมืองขอนแก่น,ขอนแก่น,043-237237,,,รับอุดหนุน,เลิกกิจการ
277,1340100096,วิทยาลัยเทคโนโลยีขอนแก่นบริหารธุรกิจ,99/99,13,,กสิกรทุ่งสร้าง,ในเมือง,เมืองขอนแก่น,ขอนแก่น,43237911,16.4515482,102.8427768,รับอุดหนุน,เปิดกิจการ
278,1340100097,วิทยาลัยเทคโนโลยีการจัดการขอนแก่น,118/1,13,,ราษฎร์คนึง,ในเมือง,เมืองขอนแก่น,ขอนแก่น,043-331224-5,16.45308,102.845265,รับอุดหนุน,เปิดกิจการ
279,1340100098,วิทยาลัยเทคโนโลยีภาคตะวันออกเฉียงเหนือ,200,17,บ้านกอก,มิตรภาพ,ในเมือง,เมืองขอนแก่น,ขอนแก่น,043-222-781,16.421862,102.818781,รับอุดหนุน,เปิดกิจการ
280,1340100099,วิทยาลัยเทคโนโลยีขอนแก่น,123,14,โรงเรียนไพบูลย์, มิตรภาพ,ในเมือง,เมืองขอนแก่น,ขอนแก่น,043-237-463,16.455448,102.829645,รับอุดหนุน,เปิดกิจการ
281,1340100101,วิทยาลัยเทคโนโลยีพงษ์ภิญโญ,167,7,มะลิวัลย์ซอย 3,มะลิวัลย์,ในเมือง,เมืองขอนแก่น,ขอนแก่น,043-241-848,16.438725,102.823973,รับอุดหนุน,เปิดกิจการ
282,1340100103,วิทยาลัยเทคโนโลยีชุมแพไทย-เยอรมัน,57,4,,ชุมแพ - ภูเขียว,ชุมแพ,ชุมแพ,ขอนแก่น,043-313-234,16.5243865,102.1091811,รับอุดหนุน,เปิดกิจการ
283,1340100104,วิทยาลัยเทคโนโลยีพลพณิชยการ,211,,,มิตรภาพ,โจดหนองแก,พล,ขอนแก่น,043-414199,15.8525852,102.6202336,รับอุดหนุน,เปิดกิจการ
284,1340100118,วิทยาลัยเทคโนโลยีอมตะ,888,4,,ประชาพัฒนา,หนองสองห้อง,หนองสองห้อง,ขอนแก่น,043-491515,15.7374233,102.7964563,รับอุดหนุน,เปิดกิจการ
285,1340100120,วิทยาลัยเทคโนโลยีคุวานันท์,64,18,,มะลิวัลย์,บ้านเป็ด,เมืองขอนแก่น,ขอนแก่น,"434,238,630,864,582,000",16.4493345,102.7519761,รับอุดหนุน,เปิดกิจการ
286,1340100128,วิทยาลัยอาชีวศึกษาคนตาบอดขอนแก่น,192,6,,,สำราญ,เมืองขอนแก่น,ขอนแก่น,043-306-063,16.5565881,102.8389883,รับอุดหนุน,เปิดกิจการ
287,1340100133,วิทยาลัยเทคโนโลยีสีชมพู,9,15,,,วังเพิ่ม,สีชมพู,ขอนแก่น,089-9414383,16.794737,102.179004,รับอุดหนุน,เปิดกิจการ
288,1340100141,วิทยาลัยเทคโนโลยีพิมพ์ไทย,444,11,,บ้านทุ่ม-มัญจาคีรี,บ้านหว้า,เมืองขอนแก่น,ขอนแก่น,043-040107-8,16.3794661,102.6966473,รับอุดหนุน,เปิดกิจการ
289,1340100284,วิทยาลัยเทคโนโลยีหนองเรือ ไทย-เยอรมัน,513,9,,สร้อยศรีอุทิศ,บ้านกง,หนองเรือ,ขอนแก่น,043-299245,16.48729405,102.5359769,รับอุดหนุน,เปิดกิจการ
290,1340100287,วิทยาลัยอาชีวศึกษาการท่องเที่ยวและการโรงแรมขอนแก่น,467,12,,มะลิวัลย์,บ้านทุ่ม,เมืองขอนแก่น,ขอนแก่น,043-255344,16.4497713,102.693321,รับอุดหนุน,เปิดกิจการ
291,1340100289,วิทยาลัยเทคโนโลยีพุทธเกษม,69,10,,บ้านขาม-หนองกุง,หนองกุง,น้ำพอง,ขอนแก่น,043-306-743,16.69542921,102.8857094,รับอุดหนุน,เปิดกิจการ
292,1340100291,วิทยาลัยเทคโนโลยีนครขอนแก่น,555,4,,ขอนแก่น-มัญจาคีรี,บ้านทุ่ม,เมืองขอนแก่น,ขอนแก่น,043-255355,16.4379214,102.7100099,รับอุดหนุน,เปิดกิจการ
293,1340100292,วิทยาลัยเทคโนโลยีภูเวียงพณิชยการ,95,10,,,สงเปือย,ภูเวียง,ขอนแก่น,43000525,16.5970993,102.4031607,รับอุดหนุน,เปิดกิจการ
294,1340100293,วิทยาลัยเทคโนโลยีมหานครขอนแก่นเอเชีย,399,10,,มะลิวัลย์,ชุมแพ,ชุมแพ,ขอนแก่น,847921919,16.560942,102.0598833,รับอุดหนุน,เปิดกิจการ
295,1341100017,วิทยาลัยเทคโนโลยีอีสานเหนือ 2 กุมภวาปี,128,5,,มิตรภาพ,ตูมใต้,กุมภวาปี,อุดรธานี,042-398-282,17.0854647,102.9344244,รับอุดหนุน,เปิดกิจการ
296,1341100034,วิทยาลัยเทคโนโลยีโปลีเทคนิคอุดรธานี,98,,,อำเภอ,หมากแข้ง,เมืองอุดรธานี,อุดรธานี,42242386,17.3970454,102.7874942,รับอุดหนุน,เปิดกิจการ
297,1341100035,วิทยาลัยเทคโนโลยีสันตพล,299,4,ทิพย์เทวา,นิตโย,หนองบัว,เมืองอุดรธานี,อุดรธานี,042-223-105,17.3879959,102.8275203,รับอุดหนุน,เปิดกิจการ
298,1341100036,โรงเรียนช่างกลอุดรธานี,75/22,,จินตคาม,ทหาร,หมากแข้ง,เมืองอุดรธานี,อุดรธานี,042-237-676,17.3956896,102.7908992,รับอุดหนุน,เปิดกิจการ
299,1341100037,วิทยาลัยเทคโนโลยีบ้านจั่น,235,1,,อุดร-ขอนแก่น,บ้านจั่น,เมืองอุดรธานี,อุดรธานี,42300148,17.3624628,102.8162364,รับอุดหนุน,เปิดกิจการ
300,1341100038,วิทยาลัยเทคโนโลยีราชธานี(เลิกกิจการตั้งแต่ปีการศึกษา2557เป็นต้นไป),293,,,เลี่ยงเมือง,หนองขอนกว้าง,เมืองอุดรธานี,อุดรธานี,42323189,,,ไม่รับอุดหนุน,เลิกกิจการ
301,1341100039,วิทยาลัยเทคโนโลยีอีสานเหนือ,140,11,,,นาข่า,เมืองอุดรธานี,อุดรธานี,42110160,17.5434671,102.8001055,รับอุดหนุน,เปิดกิจการ
302,1341100041,วิทยาลัยเทคโนโลยีภูมิพิชญ,317,13,,สาธารณะ,เมืองเพีย,กุดจับ,อุดรธานี,042-291-313,17.4183476,102.5641429,รับอุดหนุน,เปิดกิจการ
303,1341100042,วิทยาลัยอาชีวศึกษาหนองหาน,282,11,,อุดร-สกล,หนองหาน,หนองหาน,อุดรธานี,42261349,17.362353,103.132824,รับอุดหนุน,เปิดกิจการ
304,1341100044,วิทยาลัยอาชีวศึกษาเทคนิคพิชญบัณฑิต,120,7,,สิทธิประสาท,ศรีสุทโธ,บ้านดุง,อุดรธานี,042-271-639,17.6845605,103.2579442,รับอุดหนุน,เปิดกิจการ
305,1341100045,วิทยาลัยเทคโนโลยีพณิชยการบ้านดุง,269,6,,คำหนองนิด,ศรีสุทโธ,บ้านดุง,อุดรธานี,042-271-619,17.705336,103.255989,รับอุดหนุน,เปิดกิจการ
306,1341100046,วิทยาลัยเทคโนโลยีเลิศสหพันธ์,204,6,,บ้านผือ - น้ำโสม,หนองแวง,น้ำโสม,อุดรธานี,042-132248,17.7952035,102.267638,รับอุดหนุน,เปิดกิจการ
307,1341100052,วิทยาลัยเทคโนโลยีพิชญบัณฑิต 2,199,8,,อุดรดุษฏี,หมูม่น,เมืองอุดรธานี,อุดรธานี,42930658,17.4518456,102.7901542,รับอุดหนุน,เปิดกิจการ
308,1341100055,วิทยาลัยเทคโนโลยีรังสิโยภาส,198,8,,,ศรีธาตุ,ศรีธาตุ,อุดรธานี,42382220,16.9779374,103.2138092,รับอุดหนุน,เปิดกิจการ
309,1341100059,วิทยาลัยอาชีวศึกษาไท-เทควังสามหมอ,565,2,,สามชัย - วังสามหมอ,วังสามหมอ,วังสามหมอ,อุดรธานี,042-387-311,16.9428119,103.4436206,รับอุดหนุน,เปิดกิจการ
310,1341100107,วิทยาลัยเทคโนโลยีภูมิบัณฑิต,149,9,,บ้านผือ-น้ำโสม,บ้านผือ,บ้านผือ,อุดรธานี,042-151-262,17.7030806,102.4379016,รับอุดหนุน,เปิดกิจการ
311,1341100108,วิทยาลัยเทคโนโลยีบริหารธุรกิจอุดรธานี,243,12,,อุดร-หนองคาย,กุดสระ,เมืองอุดรธานี,อุดรธานี,042-206-340,17.49018563,102.8457642,รับอุดหนุน,เปิดกิจการ
312,1341100119,วิทยาลัยเทคโนโลยีพิชญพิชญ์,3,13,,,หนองเม็ก,หนองหาน,อุดรธานี,042-239256,17.3641247,103.1587815,รับอุดหนุน,เปิดกิจการ
313,1341100120,วิทยาลัยเทคโนโลยีไคโกะอุดรธานี,432,,,โนนภู่ทอง,บ้านจั่น,เมืองอุดรธานี,อุดรธานี,824591978,17.3328187,102.8278682,รับอุดหนุน,เปิดกิจการ
314,1341100121,วิทยาลัยเทคโนโลยีปุณปัญญาบริหารธุรกิจ,303,8,,,กลางใหญ่,บ้านผือ,อุดรธานี,,17.7255543,102.3932684,รับอุดหนุน,เปิดกิจการ
315,1342100012,วิทยาลัยเทคโนโลยีเลยบริหารธุรกิจ,111,6,,มลิวรรณ,นาอาน,เมืองเลย,เลย,042-861421,17.447191,101.7304362,รับอุดหนุน,เปิดกิจการ
316,1342100015,วิทยาลัยเทคโนโลยีหลวงปู่ชอบฐานสโม,509,2,,,เชียงคาน,เชียงคาน,เลย,42822025,17.90034163,101.6832733,รับอุดหนุน,เปิดกิจการ
317,1342100016,วิทยาลัยอาชีวศึกษามหานครเลย,169,10,,,ห้วยส้ม,ภูกระดึง,เลย,819655155,16.9835117,101.9090353,รับอุดหนุน,เปิดกิจการ
318,1342100017,วิทยาลัยเทคโนโลยีสิริปัญญาบริหารธุรกิจ,293,6,,,วังสะพุง,วังสะพุง,เลย,650983536,13.8439447,100.568733,รับอุดหนุน,เปิดกิจการ
319,1343010240,วิทยาลัยเทคโนโลยีพระมหาไถ่ หนองคาย ในพระราชูปถัมภ์ สมเด็จพระกนิษฐาธิราชเจ้า กรมสมเด็จพระเทพรัตนราชสุดาฯ สยามบรมราชกุมารี,201,4,ดอนแดง3,เสด็จ,มีชัย,เมืองหนองคาย,หนองคาย,42465645,17.8683445,102.7312137,รับอุดหนุน,เปิดกิจการ
320,1343100032,วิทยาลัยเทคโนโลยีเอเชียหนองคาย,152,7,,,ค่ายบกหวาน,เมืองหนองคาย,หนองคาย,931018098,17.7993737,102.7883204,รับอุดหนุน,เปิดกิจการ
321,1343100034,วิทยาลัยเทคโนโลยีอาเซียน,333,9,,มิตรภาพ,โพธิ์ชัย,เมืองหนองคาย,หนองคาย,042-421789,17.858743,102.750999,รับอุดหนุน,เปิดกิจการ
322,1343100036,วิทยาลัยอาชีวศึกษาพรเจริญ,184,4,,โคกอุดม-พรเจริญ,พรเจริญ,พรเจริญ,บึงกาฬ,42487386,18.0262793,103.7098807,รับอุดหนุน,เปิดกิจการ
323,1343100037,วิทยาลัยเทคโนโลยีโพนพิสัย,56,17,,,จุมพล,โพนพิสัย,หนองคาย,812952839,18.0308148,103.1251122,รับอุดหนุน,เปิดกิจการ
324,1343100038,วิทยาลัยเทคโนโลยีเอ็น-เทคอินเตอร์เนชั่นแนล,86,4,,พังโคน-บึงกาฬ,ท่ากกแดง,เซกา,บึงกาฬ,878640951,17.9158772,103.7797818,รับอุดหนุน,เปิดกิจการ
325,1343100043,วิทยาลัยอาชีวศึกษาเอกปัญญา,193,2,,,ผาตั้ง,สังคม,หนองคาย,42441424,18.0500619,102.2890626,รับอุดหนุน,เปิดกิจการ
326,1343100045,วิทยาลัยเทคโนโลยีศรีเชียงใหม่,41,7,,ศรีเชียงใหม่-สังคม,บ้านหม้อ,ศรีเชียงใหม่,หนองคาย,042-014-335,17.95625892,102.4811313,รับอุดหนุน,เปิดกิจการ
327,1343100056,วิทยาลัยเทคโนโลยีบริหารธุรกิจรักไทย บึงกาฬ,198,10,,บึงกาฬ-พังโคน,บึงกาฬ,เมืองบึงกาฬ,บึงกาฬ,042-088272,18.3244775,103.6318368,รับอุดหนุน,เปิดกิจการ
328,1343100057,วิทยาลัยเทคโนโลยีบริหารธุรกิจรักไทย ท่าบ่อ,76,6,,ท่าบ่อ-หนองสองห้อง,บ้านเดื่อ,ท่าบ่อ,หนองคาย,42414886,17.800828,102.601558,รับอุดหนุน,เปิดกิจการ
329,1343100058,วิทยาลัยเทคโนโลยีบริหารธุรกิจรักไทย โพนพิสัย,144,4,,โพนพิสัย - บึงกาฬ,จุมพล,โพนพิสัย,หนองคาย,42471101,18.0575461,103.0823913,รับอุดหนุน,เปิดกิจการ
330,1343100065,วิทยาลัยเทคโนโลยีวิชาชีพท่าบ่อ,409,6,,ห้าธันวา,ท่าบ่อ,ท่าบ่อ,หนองคาย,42432240,17.8402893,102.5743318,รับอุดหนุน,เปิดกิจการ
331,1343100066,วิทยาลัยเทคโนโลยีท่าบ่อบัณฑิต,345/1,3,,ท่าบ่อ-ศรีเชียงใหม่,กองนาง,ท่าบ่อ,หนองคาย,42991509,17.8825401,102.5855883,รับอุดหนุน,เปิดกิจการ
332,1344100039,วิทยาลัยเทคโนโลยีพณิชยการมหาสารคาม,8,2,บึงกุดรัง,นาเชือก-ปอพาน,นาเชือก,นาเชือก,มหาสารคาม,043-779-234,15.8041128,103.0296963,รับอุดหนุน,เปิดกิจการ
333,1344100042,วิทยาลัยเทคโนโลยีเอเชียแปซิฟิก,13,8,,ขอนแก่น-กาฬสินธุ์,กู่ทอง,เชียงยืน,มหาสารคาม,043-988607,16.40451533,103.0038729,รับอุดหนุน,เปิดกิจการ
334,1344100043,วิทยาลัยอาชีวศึกษาเอเชียอาคเนย์,188,5,,,เมืองเสือ,พยัคฆภูมิพิสัย,มหาสารคาม,942807758,15.4908247,103.2022308,รับอุดหนุน,เปิดกิจการ
335,1345100017,โรงเรียนบัณฑิตวิทยา,11,1,,ประดู่,รอบเมือง,หนองพอก,ร้อยเอ็ด,043-579-306,,,ไม่รับอุดหนุน,เลิกกิจการ
336,1345100026,วิทยาลัยเทคโนโลยีพรเพชรร้อยเอ็ด,120,3,,บายพาส(ร้อยเอ็ด)อาจสามารถ,รอบเมือง,เมืองร้อยเอ็ด,ร้อยเอ็ด,43515220,16.0365711,103.6716686,รับอุดหนุน,เปิดกิจการ
337,1345100027,วิทยาลัยเทคโนโลยีร้อยเอ็ด,284,,,รณชัยชาญยุทธ,ในเมือง,เมืองร้อยเอ็ด,ร้อยเอ็ด,043-511-620,16.0478234,103.6606669,รับอุดหนุน,เปิดกิจการ
338,1345100028,วิทยาลัยเทคโนโลยีพณิชยการพลาญชัยร้อยเอ็ด,43,1,,ร้อยเอ็ด-วาปีปทุม,ในเมือง,เมืองร้อยเอ็ด,ร้อยเอ็ด,043-525-163,16.03523902,103.6221141,รับอุดหนุน,เปิดกิจการ
339,1345100030,วิทยาลัยเทคโนโลยีธีรภาดา,99,6,,ร้อยเอ็ด-โพนทอง,หมูม้น,เชียงขวัญ,ร้อยเอ็ด,043-519-661,16.1546945,103.752088,รับอุดหนุน,เปิดกิจการ
340,1345100041,โรงเรียนจารุณีศึกษา,29,4,,,หนองขุ่นใหญ่,หนองพอก,ร้อยเอ็ด,872238817,,,ไม่รับอุดหนุน,เลิกกิจการ
341,1345100054,วิทยาลัยเทคโนโลยีอินเตอร์เอเซีย,431,3,,,แวง,โพนทอง,ร้อยเอ็ด,818339377,16.307816,103.978858,รับอุดหนุน,เปิดกิจการ
342,1345100056,วิทยาลัยเทคโนโลยีแทนพล,28,17,,,นาอุดม,โพนทอง,ร้อยเอ็ด,081-208-5882,16.2964939,103.8793919,รับอุดหนุน,เปิดกิจการ
343,1345100061,วิทยาลัยเทคโนโลยีชาญภรณ์เสลภูมิ,60,5,,,ขวัญเมือง,เสลภูมิ,ร้อยเอ็ด,088-565-3757,16.0369575,103.9083112,รับอุดหนุน,เปิดกิจการ
344,1345100063,วิทยาลัยอาชีวศึกษาเสลภูมิ,23,6,,เสลภูมิ-โพนทอง,นาเมือง,เสลภูมิ,ร้อยเอ็ด,043-550-068,16.05228128,103.9351924,รับอุดหนุน,เปิดกิจการ
345,1345100068,วิทยาลัยเทคโนโลยีบริหารธุรกิจรักไทย สุวรรณภูมิ,46,20,,,สระคู,สุวรรณภูมิ,ร้อยเอ็ด,043-580-097,15.6072486,103.8151024,รับอุดหนุน,เปิดกิจการ
346,1345100074,วิทยาลัยเทคโนโลยีพณิชยการโพนทอง,88,16,,โพนทอง-เสลภูมิ,สระนกแก้ว,โพนทอง,ร้อยเอ็ด,981036587,16.2863063,103.9734208,รับอุดหนุน,เปิดกิจการ
347,1345100076,วิทยาลัยเทคโนโลยีปทุมรัตต์,114,12,,,บัวแดง,ปทุมรัตต์,ร้อยเอ็ด,094-1927907,15.6318396,103.331625,รับอุดหนุน,เปิดกิจการ
348,1345100079,วิทยาลัยเทคโนโลยีหนองพอก,276,2,,,รอบเมือง,หนองพอก,ร้อยเอ็ด,933488189,16.3127007,104.215101,รับอุดหนุน,เปิดกิจการ
349,1345100080,วิทยาลัยเทคโนโลยีโพธิ์ชัย,151,10,,,เชียงใหม่,โพธิ์ชัย,ร้อยเอ็ด,43030648,16.3498796,103.3551574,รับอุดหนุน,เปิดกิจการ
350,1345100081,วิทยาลัยอาชีวศึกษาโพนทราย,154,13,,,โพนทราย,โพนทราย,ร้อยเอ็ด,816602831,15.47018416,103.9792944,รับอุดหนุน,เปิดกิจการ
351,1346100036,วิทยาลัยอาชีวศึกษากาฬสินธุ์,86/23,,,สนามบิน,กาฬสินธุ์,เมืองกาฬสินธุ์,กาฬสินธุ์,43812244,16.4176396,103.5099313,รับอุดหนุน,เปิดกิจการ
352,1346100040,วิทยาลัยเทคโนโลยีกมลาไสย,156,3,,ขอนแก่น-โพนทอง,หนองแปน,กมลาไสย,กาฬสินธุ์,43840046,16.3724698,103.4303258,รับอุดหนุน,เปิดกิจการ
353,1346100041,วิทยาลัยอาชีวศึกษาไทยเทคเอเชีย,180,15,,,บัวขาว,กุฉินารายณ์,กาฬสินธุ์,43851684,16.5455763,104.0337316,รับอุดหนุน,เปิดกิจการ
354,1346100042,วิทยาลัยอาชีวศึกษาไท-เทค กาฬสินธุ์,113,2,,ห้วยเม็ก-ท่าคันโท,ห้วยเม็ก,ห้วยเม็ก,กาฬสินธุ์,935639594,16.6215306,103.2195226,รับอุดหนุน,เปิดกิจการ
355,1346100043,วิทยาลัยเทคโนโลยีไตรชุมพล,297,4,,ไทยเจริญ-กระนวน,ห้วยเม็ก,ห้วยเม็ก,กาฬสินธุ์,043-840-291,16.6026748,103.2244237,รับอุดหนุน,เปิดกิจการ
356,1346100044,วิทยาลัยอาชีวศึกษาไทยเทคอีสาน,399,1,,,นาตาล,ท่าคันโท,กาฬสินธุ์,43877486,16.92276073,103.2419586,รับอุดหนุน,เปิดกิจการ
357,1346100046,วิทยาลัยเทคโนโลยียางตลาด,117,6,,,โนนสูง,ยางตลาด,กาฬสินธุ์,956214372,16.487459,103.239177,รับอุดหนุน,เปิดกิจการ
358,1346100048,วิทยาลัยเทคโนโลยีสหัสขันธ์,109,7,,,โนนน้ำเกลี้ยง,สหัสขันธ์,กาฬสินธุ์,619312914,16.6955463,103.5176961,รับอุดหนุน,เปิดกิจการ
359,1346100049,วิทยาลัยอาชีวศึกษาหนองกุงศรี,263,12,,,หนองกุงศรี,หนองกุงศรี,กาฬสินธุ์,43881362,,,ไม่รับอุดหนุน,เลิกกิจการ
360,1346100052,วิทยาลัยเทคโนโลยีพัฒนบัณฑิต,94,2,,,หนองแวง,สมเด็จ,กาฬสินธุ์,084-0485769,16.6792187,103.728114,รับอุดหนุน,เปิดกิจการ
361,1346100060,วิทยาลัยเทคโนโลยีสมเด็จพณิชยการ,69,12,,ถีนานนท์,หนองแวง,สมเด็จ,กาฬสินธุ์,043-019-923,16.6476459,103.7139773,รับอุดหนุน,เปิดกิจการ
362,1346100075,วิทยาลัยเทคโนโลยีพณิชยการสามชัย,212,8,,อ.วังสามหมอ - บ้านโพน,หนองช้าง,สามชัย,กาฬสินธุ์,043-602002,16.8608561,103.5480761,รับอุดหนุน,เปิดกิจการ
363,1346100076,วิทยาลัยเทคโนโลยีณัชชวินทร์,567,18,,,หัวนาคำ,ยางตลาด,กาฬสินธุ์,086-634-9589,16.3823985,103.1971128,รับอุดหนุน,เปิดกิจการ
364,1347100032,วิทยาลัยเทคโนโลยีภาคตะวันออกเฉียงเหนือ สกลนคร,228,15,,สกลนคร,ห้วยยาง,เมืองสกลนคร,สกลนคร,004-216-3064,17.1389623,104.1005564,รับอุดหนุน,เปิดกิจการ
365,1347100033,วิทยาลัยเทคโนโลยีเทคนิคเอเซีย,50,4,,,ธาตุนาเวง,เมืองสกลนคร,สกลนคร,42970002,17.1826816,104.0815735,รับอุดหนุน,เปิดกิจการ
366,1347100034,วิทยาลัยเทคโนโลยีพุทธรักษา,217,3,,สกล-นาแก,โนนหอม,เมืองสกลนคร,สกลนคร,042-766-263,17.066865,104.236999,รับอุดหนุน,เปิดกิจการ
367,1347100035,วิทยาลัยเทคโนโลยีเทคนิคภูพาน,410/1-2,,,สกล-นาแก,ธาตุเชิงชุม,เมืองสกลนคร,สกลนคร,042-712948,17.1485283,104.1421459,รับอุดหนุน,เปิดกิจการ
368,1347100036,วิทยาลัยอาชีวศึกษาสกลนครพัฒนศิลป์,89,2,,สกลนคร-นครพนม,ฮางโฮง,เมืองสกลนคร,สกลนคร,083-4140010,17.214521,104.104119,รับอุดหนุน,เปิดกิจการ
369,1347100037,วิทยาลัยเทคโนโลยีพณิชยการสกลนคร,182/8,,,นิตโย,ธาตุเชิงชุม,เมืองสกลนคร,สกลนคร,042-711-660,,,ไม่รับอุดหนุน,ไม่มีสภาพ
370,1347100039,วิทยาลัยเทคโนโลยีบริหารธุรกิจพรรณา,166,8,,นิตโย,พรรณา,พรรณานิคม,สกลนคร,42745506,17.3687261,103.8201989,รับอุดหนุน,เปิดกิจการ
371,1347100040,วิทยาลัยเทคโนโลยีพังโคนพณิชยการ,2-ส.ค.,1,,นิตโย,พังโคน,พังโคน,สกลนคร,042-771-162,17.3854635,103.7343156,รับอุดหนุน,เปิดกิจการ
372,1347100041,วิทยาลัยเทคโนโลยีวานรนิวาส,59,8,หนองมะเกลือ,พังโคน - บึงกาฬ,คอนสวรรค์,วานรนิวาส,สกลนคร,042  973347,17.6017961,103.7409012,รับอุดหนุน,เปิดกิจการ
373,1347100042,วิทยาลัยเทคโนโลยีพณิชยการบ้านม่วง,81,7,,คำตากล้า-บ้านดุง,มาย,บ้านม่วง,สกลนคร,042-794-922,17.860514,103.528636,รับอุดหนุน,เปิดกิจการ
374,1347100043,วิทยาลัยอาชีวศึกษาเทคนิคธุรกิจสว่างแดนดิน,303,13,,นิตโย,สว่างแดนดิน,สว่างแดนดิน,สกลนคร,42707340,17.4689387,103.4929683,รับอุดหนุน,เปิดกิจการ
375,1347100044,วิทยาลัยเทคโนโลยีสว่างแดนดิน,181,18,,นิตโย,สว่างแดนดิน,สว่างแดนดิน,สกลนคร,042-722-261,17.469698,103.486585,รับอุดหนุน,เปิดกิจการ
376,1347100045,วิทยาลัยอาชีวศึกษาสกลเทคนิค,119,1,,นิตโย,บงใต้,สว่างแดนดิน,สกลนคร,042-704-912,17.3954757,103.3442738,รับอุดหนุน,เปิดกิจการ
377,1347100050,วิทยาลัยเทคโนโลยีเอ็น-เทคบริหารธุรกิจ,81,8,,พังโคน,คอนสวรรค์,วานรนิวาส,สกลนคร,042-973360,17.60326404,103.7412357,รับอุดหนุน,เปิดกิจการ
378,1347100052,วิทยาลัยอาชีวศึกษาอากาศอำนวย,224,13,,,วาใหญ่,อากาศอำนวย,สกลนคร,042-707277,17.64184427,103.9329386,รับอุดหนุน,เปิดกิจการ
379,1347100058,วิทยาลัยเทคโนโลยี ไฮเทค สกลนคร,181,9,,สว่างแดนดิน-โคกสี,โคกสี,สว่างแดนดิน,สกลนคร,042-704-882-5,17.5983565,103.424712,รับอุดหนุน,เปิดกิจการ
380,1347100065,วิทยาลัยเทคโนโลยี เอ - เทค อินเตอร์ เอเชีย,124,6,,อากาศ-สูงเนิน,บะหว้า,อากาศอำนวย,สกลนคร,821130939,17.5217258,103.974679,รับอุดหนุน,เปิดกิจการ
381,1347100066,วิทยาลัยเทคโนโลยีภูมิภัทรบัณฑิต,99,3,,,หนองปลิง,นิคมน้ำอูน,สกลนคร,854645570,17.16520514,103.7351573,รับอุดหนุน,เปิดกิจการ
382,1347100075,วิทยาลัยเทคโนโลยีเทคนิควิชาชีพสกลนคร,655,4,,เลี่ยงเมืองสกล-นาแก,ดงมะไฟ,เมืองสกลนคร,สกลนคร,42090224,17.13640236,104.1154039,รับอุดหนุน,เปิดกิจการ
383,1347100076,วิทยาลัยเทคโนโลยีแดนสยาม,283,1,,นิตโย,บ้านต้าย,สว่างแดนดิน,สกลนคร,042-704-937,17.4293233,103.4030517,รับอุดหนุน,เปิดกิจการ
384,1347100077,วิทยาลัยเทคโนโลยีการโรงแรมและการท่องเที่ยวไทย,50,5,หลังราชภัฏสกลนคร,นาคำ-นาเวง,ธาตุนาเวง,เมืองสกลนคร,สกลนคร,42970149,17.1769749,104.0762537,รับอุดหนุน,เปิดกิจการ
385,1347100078,วิทยาลัยอาชีวศึกษาการท่องเที่ยวและการโรงแรมสกลนคร,808,4,,เลี่ยงเมืองสกลนคร,ดงมะไฟ,เมืองสกลนคร,สกลนคร,825238839,17.1769749,104.0762537,รับอุดหนุน,เปิดกิจการ
386,1348100012,วิทยาลัยเทคโนโลยีอินเตอร์พัฒนศาสตร์,29-มี.ค.,,ร่วมมิตร,นิตโย,หนองญาติ,เมืองนครพนม,นครพนม,042-515-888,17.3982702,104.7668827,รับอุดหนุน,เปิดกิจการ
387,1348100013,วิทยาลัยเทคโนโลยีไทย-อินโดจีน,138,14,,ชยางกูร,ท่าค้อ,เมืองนครพนม,นครพนม,042-502-000,17.3689991,104.7930583,รับอุดหนุน,เปิดกิจการ
388,1348100014,โรงเรียนอัสสัมชัญเทคนิคนครพนม,107,5,,นครพนม-หนองคาย,เวินพระบาท,ท่าอุเทน,นครพนม,863332766,17.5308936,104.6667771,รับอุดหนุน,เปิดกิจการ
389,1348100015,วิทยาลัยเทคโนโลยีธาตุพนม,47,6,,,ธาตุพนม,ธาตุพนม,นครพนม,42532028,16.9470855,104.7041703,รับอุดหนุน,เปิดกิจการ
390,1348100016,วิทยาลัยอาชีวศึกษานาแก,9,16,,พระซอง-นาแก,พระซอง,นาแก,นครพนม,42583297,17.0187839,104.5421433,รับอุดหนุน,เปิดกิจการ
391,1348100017,วิทยาลัยอาชีวศึกษาศรีสงคราม,175,2,,,ศรีสงคราม,ศรีสงคราม,นครพนม,42599199,17.6289261,104.2736333,รับอุดหนุน,เปิดกิจการ
392,1348100024,วิทยาลัยเทคโนโลยีบ้านสวนพัฒนา ,110,11,,บ้านข่า-ปากยาม,บ้านข่า,ศรีสงคราม,นครพนม,042-530-723,17.6833751,104.1084903,รับอุดหนุน,เปิดกิจการ
393,1348100025,วิทยาลัยเทคโนโลยีพณิชยการอาเซียน,100,4,,มหาชัย-ปลาปาก,วังตามัว,เมืองนครพนม,นครพนม,042-530-755,,,ไม่รับอุดหนุน,ยื่นขอเลิกกิจการ/ไม่จัดการเรียนการสอน
394,1348100027,โรงเรียนอริยะธุรกิจบัณฑิต,36,11,,,ปลาปาก,ปลาปาก,นครพนม,862225500,17.1750638,104.5168722,รับอุดหนุน,เปิดกิจการ
395,1348100032,วิทยาลัยเทคโนโลยีพัฒนบัณฑิตบริหารธุรกิจโพนสวรรค์,154,6,,ท่าอุเทน-กุสุมาลย์,โพนสวรรค์,โพนสวรรค์,นครพนม,092-8249878,17.453967,104.4584958,รับอุดหนุน,เปิดกิจการ
396,1349100005,วิทยาลัยเทคโนโลยีมุกดาหาร,136,,,วิวิธสุรการ,มุกดาหาร,เมืองมุกดาหาร,มุกดาหาร,042-611-948,16.5508772,104.7200682,รับอุดหนุน,เปิดกิจการ
397,1349100006,วิทยาลัยอาชีวศึกษาดงหลวง,114,4,,บ้านก้านเหลืองดง-โนนตูม,หนองแคน,ดงหลวง,มุกดาหาร,426440912,16.7484744,104.5269698,รับอุดหนุน,เปิดกิจการ
398,1349100016,วิทยาลัยเทคโนโลยีบริหารธุรกิจรักไทย มุกดาหาร,128,,,เลี่ยงเมืองมุก-นิคมคำสร้อย,มุกดาหาร,เมืองมุกดาหาร,มุกดาหาร,042-615-066,16.536138,104.686128,รับอุดหนุน,เปิดกิจการ
399,1349100017,วิทยาลัยอาชีวศึกษาการจัดการโลจิสติกส์และซัพพลายเชน ,99,3,,,ดงหลวง,ดงหลวง,มุกดาหาร,099-4629517 ,16.8088386,104.5315208,รับอุดหนุน,เปิดกิจการ
400,1350100132,วิทยาลัยเทคโนโลยีพาณิชยการลานนา,98/12,2,,โพธาราม,ช้างเผือก,เมืองเชียงใหม่,เชียงใหม่,(053)2100578,18.8112172,98.9724724,รับอุดหนุน,เปิดกิจการ
401,1350100134,วิทยาลัยเทคโนโลยีเอเชีย,128,5,,มหิดล (อ้อมเมือง),หนองหอย,เมืองเชียงใหม่,เชียงใหม่,053-140244-5,,,ไม่รับอุดหนุน,ยื่นขอเลิกกิจการ/ไม่จัดการเรียนการสอน
402,1350100135,วิทยาลัยอาชีวศึกษาไทยวิจิตรศิลปเชียงใหม่,,,,,ท่าศาลา,เมืองเชียงใหม่,เชียงใหม่,,,,ไม่รับอุดหนุน,เลิกกิจการ
403,1350100136,วิทยาลัยเทคโนโลยีศรีธนาพณิชยการ เชียงใหม่,71,,,ห้วยแก้ว,สุเทพ,เมืองเชียงใหม่,เชียงใหม่,053-221-815,,,รับอุดหนุน,ยื่นขอเลิกกิจการ/ไม่จัดการเรียนการสอน
404,1350100137,วิทยาลัยเทคโนโลยีเมโทร,24,,2, ลอยเคราะห์,ช้างคลาน,เมืองเชียงใหม่,เชียงใหม่,053-282-080,18.7827872,98.9946373,รับอุดหนุน,เปิดกิจการ
405,1350100139,วิทยาลัยเทคโนโลยีโปลิเทคนิคลานนา เชียงใหม่,2,,,สุขเกษม,ป่าตัน,เมืองเชียงใหม่,เชียงใหม่,053-213-061,18.81375162,98.99231257,รับอุดหนุน,เปิดกิจการ
406,1350100141,วิทยาลัยเทคโนโลยีพณิชยการเชียงใหม่,2,,,คชสาร,ช้างคลาน,เมืองเชียงใหม่,เชียงใหม่,53274715,18.7834263,98.9934361,รับอุดหนุน,เปิดกิจการ
407,1350100142,วิทยาลัยเทคโนโลยีพิงค์พระนคร,107,2,,เชียงใหม่-ฮอด,บ้านกลาง,สันป่าตอง,เชียงใหม่,053-311-721,18.593811,98.888772,รับอุดหนุน,เปิดกิจการ
408,1350100143,วิทยาลัยเทคโนโลยีพายัพและบริหารธุรกิจ,262,6,,เชียงใหม่-พร้าว,หนองจ๊อม,สันทราย,เชียงใหม่,53845133,18.85171889,99.01015928,รับอุดหนุน,เปิดกิจการ
409,1350100167,วิทยาลัยอาชีวศึกษานอร์ทฝาง,27,10,,,เวียง,ฝาง,เชียงใหม่,062-5455850,19.946878,99.2055197,รับอุดหนุน,เปิดกิจการ
410,1350100307,ธนาเทคโนโลยี เชียงใหม่,630,2,,เทศบาล,เวียง,ฝาง,เชียงใหม่,53452630,,,ไม่รับอุดหนุน,เลิกกิจการ
411,1350100324,วิทยาลัยอาชีวศึกษาจันทร์รวี,439/2,7,,,แม่เหียะ,เมืองเชียงใหม่,เชียงใหม่,053447754-6,18.7450325,98.9661412,รับอุดหนุน,เปิดกิจการ
412,1351100028,วิทยาลัยเทคโนโลยีหมู่บ้านครู ภาคเหนือ,197,8,,,บ้านธิ,บ้านธิ,ลำพูน,053-982-989,18.6324787,99.0582882,รับอุดหนุน,เปิดกิจการ
413,1351100031,วิทยาลัยเทคโนโลยีชรินรัตน์ลำพูน,297,10,,,อุโมงค์,เมืองลำพูน,ลำพูน,053-091-319,18.6262582,99.0453851,รับอุดหนุน,เปิดกิจการ
414,1351100032,วิทยาลัยอาชีวศึกษาเอกปัญญาหริภุญชัย,199,5,,,เวียงยอง,เมืองลำพูน,ลำพูน,52030270,18.5518013,99.0223396,รับอุดหนุน,เปิดกิจการ
415,1352100017,วิทยาลัยเทคโนโลยีอ้อมอารี,125/4,1,,เกาะคา - ห้างฉัตร,ลำปางหลวง,เกาะคา,ลำปาง,54328352,,,ไม่รับอุดหนุน,ไม่มีนักเรียน/ไม่จัดการเรียนการสอน
416,1352100029,วิทยาลัยเทคโนโลยีลำปาง,443,2,,วชิราวุธดำเนิน,พระบาท,เมืองลำปาง,ลำปาง,054-265-112-3,,,ไม่รับอุดหนุน,เลิกกิจการ
417,1352100030,วิทยาลัยอาชีวศึกษาลำปางพาณิชยการและเทคโนโลยี,173,,,พหลโยธิน,ชมพู,เมืองลำปาง,ลำปาง,054-352-399,,,รับอุดหนุน,ไม่มีนักเรียน/ไม่จัดการเรียนการสอน
418,1352100031,วิทยาลัยอาชีวศึกษาเถินเทคโนโลยี,192/1,12,,พหลโยธิน,ล้อมแรด,เถิน,ลำปาง,054-244-089,17.607486,99.2343354,รับอุดหนุน,เปิดกิจการ
419,1353100012,วิทยาลัยเทคโนโลยีอุตรดิตถ์,135/3,,,สำราญรื่น,ท่าอิฐ,เมืองอุตรดิตถ์,อุตรดิตถ์,055-442-9304,,,รับอุดหนุน,เปิดกิจการ
420,1354100022,โรงเรียนพณิชยการลานนาและเทคโนโลยีแพร่,98,10,,ช่อแฮ,เหมืองหม้อ,เมืองแพร่,แพร่,054-522-407,,,ไม่รับอุดหนุน,ไม่มีสภาพ
421,1354100023,วิทยาลัยอาชีวศึกษาพณิชยการแพร่,34/19,,,เหมืองหิต,ในเวียง,เมืองแพร่,แพร่,54511609,,,ไม่รับอุดหนุน,ยื่นขอเลิกกิจการ/ไม่จัดการเรียนการสอน
422,1356100015,วิทยาลัยเทคโนโลยีไชยพันธ์พงษ์,222,1,,,บ้านต๊ำ,เมืองพะเยา,พะเยา,544109879,19.221841,99.865339,รับอุดหนุน,เปิดกิจการ
423,1356100016,วิทยาลัยเทคโนโลยีพะเยา,339,8,,,ท่าวังทอง,เมืองพะเยา,พะเยา,054-431-234,19.1823301,99.9311413,รับอุดหนุน,เปิดกิจการ
424,1356100017,วิทยาลัยเทคโนโลยีวงศ์กาญจนา,175,3,,พะเยา-เชียงคำ,ดอกคำใต้,ดอกคำใต้,พะเยา,54491081,,,ไม่รับอุดหนุน,ไม่มีสภาพ
425,1356100075,วิทยาลัยเทคโนโลยีประชาพัฒน์,1-ม.ค.,3,,ประตูกลอง,ท่าวังทอง,เมืองพะเยา,พะเยา,087-831-9253,19.1744083,99.9028894,รับอุดหนุน,เปิดกิจการ
426,1357100046,วิทยาลัยเทคโนโลยีกรุงธนเชียงราย ไทย-เยอรมัน,129,6,,,ป่าอ้อดอนชัย,เมืองเชียงราย,เชียงราย,053-170-117-8,19.8653004,99.781663,รับอุดหนุน,เปิดกิจการ
427,1357100048,วิทยาลัยอาชีวศึกษาพณิชยการเชียงราย,1050,,,สนามบิน,เวียง,เมืองเชียงราย,เชียงราย,053-752-521,19.9036459,99.8282633,รับอุดหนุน,เปิดกิจการ
428,1357100049,วิทยาลัยเทคโนโลยีเชียงราย,391,1,,เวียงชัย-หนองหลวง,เวียงชัย,เวียงชัย,เชียงราย,053-662-484,,,ไม่รับอุดหนุน,ยื่นขอเลิกกิจการ/ไม่จัดการเรียนการสอน
429,1357100050,วิทยาลัยอาชีวศึกษาแม่สาย,188,3,,วัดถ้ำเสาหินพญานาค,โป่งงาม,แม่สาย,เชียงราย,53709292,20.325147,99.870255,รับอุดหนุน,เปิดกิจการ
430,1357100058,วิทยาลัยเทคโนโลยี ไทย-เอเซีย ,888/8,6,,,แม่สาย,แม่สาย,เชียงราย,973570740,20.4197375,99.911752,รับอุดหนุน,เปิดกิจการ
431,1357100059,วิทยาลัยเทคโนโลยีอาชีวศึกษาเชียงราย,838,1,,,ริมกก,เมืองเชียงราย,เชียงราย,052-020-478,,,ไม่รับอุดหนุน,เลิกกิจการ
432,1357100146,วิทยาลัยเทคโนโลยีบริหารธุรกิจ ทวี เอสซี อินเตอร์เนชั่นแนล,159/1,4,,พหลโยธิน,ป่าอ้อดอนชัย,เมืองเชียงราย,เชียงราย,053-631-125,19.8465058,99.7901781,รับอุดหนุน,เปิดกิจการ
433,1357100150,โรงเรียนชัยศิษย์บริหารธุรกิจและเทคโนโลยี,230/1,10,,,เวียง,เชียงของ,เชียงราย,53791512,,,ไม่รับอุดหนุน,ยื่นขอเลิกกิจการ/ไม่จัดการเรียนการสอน
434,1360100004,วิทยาลัยอาชีวศึกษาปากน้ำโพ,300/9,4,,หนองบัว - เขาทราย,หนองกลับ,หนองบัว,นครสวรรค์,854001904,15.7042976,100.1538135,รับอุดหนุน,เปิดกิจการ
435,1360100052,วิทยาลัยเทคโนโลยีพณิชยการนครสวรรค์,932,9,,ปานพลอย,นครสวรรค์ตก,เมืองนครสวรรค์,นครสวรรค์,56801829,15.0726766,100.1762916,รับอุดหนุน,เปิดกิจการ
436,1360100053,วิทยาลัยเทคโนโลยีภาคเหนือ,919,10,,พหลโยธิน,นครสวรรค์ตก,เมืองนครสวรรค์,นครสวรรค์,056-310-285,,,ไม่รับอุดหนุน,ไม่มีนักเรียน/ไม่จัดการเรียนการสอน
437,1360100054,วิทยาลัยอาชีวศึกษาสหนครสวรรค์,133,,,ธรรมวิถี,ปากน้ำโพ,เมืองนครสวรรค์,นครสวรรค์,056-214-165,,,ไม่รับอุดหนุน,ยื่นขอเลิกกิจการ/ไม่จัดการเรียนการสอน
438,1360100055,วิทยาลัยอาชีวศึกษาวิริยาลัยนครสวรรค์,14-ต.ค.,10,,พหลโยธิน,หนองกรด,เมืองนครสวรรค์,นครสวรรค์,056-340206-7,15.7225837,100.0539262,รับอุดหนุน,เปิดกิจการ
439,1360100056,วิทยาลัยเทคโนโลยีบริหารธุรกิจนครสวรรค์,932,9,,,นครสวรรค์ตก,เมืองนครสวรรค์,นครสวรรค์,056 801829,15.0739527,100.1762832,ไม่รับอุดหนุน,เปิดกิจการ
440,1360100109,วิทยาลัยเทคโนโลยีตาคลี,381/1,,,พหลโยธิน,ตาคลี,ตาคลี,นครสวรรค์,056-005776,15.262453,100.341508,รับอุดหนุน,เปิดกิจการ
441,1361100018,เชษฐศิลป์บริหารธุรกิจและเทคโนโลยี,25-ก.พ.,,,เติบศิริ,อุทัยใหม่,เมืองอุทัยธานี,อุทัยธานี,56525077,,,ไม่รับอุดหนุน,เลิกกิจการ
442,1362100017,วิทยาลัยอาชีวศึกษาภักดีพณิชยการและเทคโนโลยี,39,,12,ประชาหรรษา,ในเมือง,เมืองกำแพงเพชร,กำแพงเพชร,055-716-459,16.4674337,99.5413339,รับอุดหนุน,เปิดกิจการ
443,1363100005,โรงเรียนไฮเทค-เทคโนโลยี ตาก,555,2,,พหลโยธิน,หนองบัวใต้,เมืองตาก,ตาก,055-517-485,16.8505042,99.1177851,รับอุดหนุน,เปิดกิจการ
444,1364100004,พณิชยการสุโขทัยธานี,97,,,สิงหวัฒน์,ธานี,เมืองสุโขทัย,สุโขทัย,55611121,,,ไม่รับอุดหนุน,เลิกกิจการ
445,1365100015,วิทยาลัยอาชีวศึกษาพณิชยการพิษณุโลก,691/11,,,มิตรภาพ,ในเมือง,เมืองพิษณุโลก,พิษณุโลก,055-304-408,16.82104534,100.2715462,รับอุดหนุน,เปิดกิจการ
446,1365100016,วิทยาลัยเทคโนโลยีบริหารธุรกิจพิษณุโลก,234,2,,,บางระกำ,บางระกำ,พิษณุโลก,55000587,16.700018,100.164936,รับอุดหนุน,เปิดกิจการ
447,1366100010,วิทยาลัยเทคโนโลยีบริหารธุรกิจพิจิตร,98/1,,,สระหลวง,ในเมือง,เมืองพิจิตร,พิจิตร,56612474,16.43833518,100.3381006,รับอุดหนุน,เปิดกิจการ
448,1366100023,วิทยาลัยเทคโนโลยีสิริวัฒนาบริหารธุรกิจ,29,3,,ตะพานหิน-บางมูลนาก,ห้วยเกตุ,ตะพานหิน,พิจิตร,056-662-555,16.2110282,100.4061824,รับอุดหนุน,เปิดกิจการ
449,1367100011,วิทยาลัยเทคโนโลยีเซนต์นีโอ,9999,7,,,ชนแดน,ชนแดน,เพชรบูรณ์,56761608,16.18650457,100.8810789,รับอุดหนุน,เปิดกิจการ
450,1367100031,วิทยาลัยเทคโนโลยีป่าสักธารา,279,3,,เทศบาล  8 สระบุรี - หล่มสัก,พุเตย,วิเชียรบุรี,เพชรบูรณ์,56797099,15.5730324,101.0657817,รับอุดหนุน,เปิดกิจการ
451,1367100049,วิทยาลัยอาชีวศึกษาเพชรบูรณ์,370,4,,,บึงสามพัน,บึงสามพัน,เพชรบูรณ์,056-713-680,15.8291297,101.0187393,รับอุดหนุน,เปิดกิจการ
452,1367100051,วิทยาลัยเทคโนโลยี ไฮเทค เพชรบูรณ์,127,4,,สระบุรี-หล่มสัก,หนองไขว่,หล่มสัก,เพชรบูรณ์,56912259,16.750263,101.2058879,รับอุดหนุน,เปิดกิจการ
453,1367100052,วิทยาลัยเทคโนโลยีสารสนเทศเพชรบูรณ์,253,2,,,บึงสามพัน,บึงสามพัน,เพชรบูรณ์,56731407,15.78736,101.0109159,รับอุดหนุน,เปิดกิจการ
454,1367100054,วิทยาลัยเทคโนโลยี ไฮเทค หนองไผ่,126,6,,สระบุรี - หล่มสัก,ยางงาม,หนองไผ่,เพชรบูรณ์,56782199,16.026555,101.0748494,รับอุดหนุน,เปิดกิจการ
455,1367100055,วิทยาลัยเทคโนโลยี ไฮเทค วิเชียรบุรี,183,6,,เพชรบูรณ์- หล่มสัก,พุขาม,วิเชียรบุรี,เพชรบูรณ์,933277343,15.524366,101.0477946,รับอุดหนุน,เปิดกิจการ
456,1367100060,วิทยาลัยเทคโนโลยีศรีเทพพณิชยการ,229,5,,,ศรีเทพ,ศรีเทพ,เพชรบูรณ์,56020276,15.4861247,101.1658848,รับอุดหนุน,เปิดกิจการ
457,1367100061,วิทยาลัยอาชีวศึกษาพณิชยการเพชรบูรณ์,275,9,,,ตะกุดไร,ชนแดน,เพชรบูรณ์,56029960,15.4795545,101.1105052,รับอุดหนุน,เปิดกิจการ
458,1370100011,โรงเรียนราชบุรีบริหารธุรกิจ,150,,,ไกรเพชร,หน้าเมือง,เมืองราชบุรี,ราชบุรี,32321447,13.5391576,99.8153496,รับอุดหนุน,เปิดกิจการ
459,1370100012,วิทยาลัยอาชีวศึกษาดรุณาราชบุรี,80/28,,,คฑาธร,หน้าเมือง,เมืองราชบุรี,ราชบุรี,032-338-793,13.5327961,99.8145444,รับอุดหนุน,เปิดกิจการ
460,1370100014,วิทยาลัยเทคโนโลยีดรุณาโปลีเทคนิค,197,3,,เพชรเกษม,โคกหม้อ,เมืองราชบุรี,ราชบุรี,032-334667,13.5626382,99.8283997,รับอุดหนุน,เปิดกิจการ
461,1370100034,วิทยาลัยเทคโนโลยีบ้านโป่งบริหารธุรกิจ,1,,,ราษฎร์ร่วมใจ,บ้านโป่ง,บ้านโป่ง,ราชบุรี,032-211-955,13.804086,99.8725951,รับอุดหนุน,เปิดกิจการ
462,1370100035,วิทยาลัยเทคโนโลยีดอนบอสโก บ้านโป่ง,108,3,,เพชรเกษม,หนองอ้อ,บ้านโป่ง,ราชบุรี,032-211-933,13.80094972,99.90832707,รับอุดหนุน,เปิดกิจการ
463,1371100010,วิทยาลัยเทคโนโลยีกาญจนบุรี,99/1,11,,,ปากแพรก,เมืองกาญจนบุรี,กาญจนบุรี,034-516-916,,,ไม่รับอุดหนุน,เลิกกิจการ
464,1371100022,วิทยาลัยอาชีวศึกษาบริหารธุรกิจกาญจนบุรี,70,2,,,ท่ามะกา,ท่ามะกา,กาญจนบุรี,0-3464-0388,,,ไม่รับอุดหนุน,เลิกกิจการ
465,1371100023,บริหารธุรกิจขั้นสูงกาญจนบุรี,,,,,ท่ามะกา,ท่ามะกา,กาญจนบุรี,,,,ไม่รับอุดหนุน,เลิกกิจการ
466,1371100027,วิทยาลัยเทคโนโลยีบริหารธุรกิจกาญจนบุรี,293/2,,, แสงชูโต(สายเก่า),วังขนาย,ท่าม่วง,กาญจนบุรี,"034611658 ,034613408",13.9517617,99.6537029,รับอุดหนุน,เปิดกิจการ
467,1371100028,วิทยาลัยเทคโนโลยีสารสาสน์บริหารธุรกิจกาญจนบุรี,70,2,,,ท่ามะกา,ท่ามะกา,กาญจนบุรี,0-3454-0428,13.9254313,99.7591682,รับอุดหนุน,เปิดกิจการ
468,1372100007,วิทยาลัยเทคโนโลยีสหวิทย์บริหารธุรกิจ,209,,,ประชาธิปไตย,ท่าพี่เลี้ยง,เมืองสุพรรณบุรี,สุพรรณบุรี,035-522-152,14.4791671,100.1198383,รับอุดหนุน,เปิดกิจการ
469,1372100008,วิทยาลัยเทคโนโลยีอู่ทอง,ุ69,2,,,บ้านโข้ง,อู่ทอง,สุพรรณบุรี,35969957,14.5964651,99.8674525,รับอุดหนุน,เปิดกิจการ
470,1373100013,วิทยาลัยเทคโนโลยีบริหารธุรกิจนครปฐม,มิ.ย.-35,3,,,งิ้วราย,นครชัยศรี,นครปฐม,634155429,13.8179483,100.0906601,รับอุดหนุน,เปิดกิจการ
471,1373100017,โรงเรียนช่างสำรวจนครปฐมและเทคโนโลยี,1-ม.ค.,3,,,ห้วยจรเข้,เมืองนครปฐม,นครปฐม,034-250-123,13.8051897,100.0689421,รับอุดหนุน,เปิดกิจการ
472,1373100018,วิทยาลัยเทคโนโลยีนครปฐม,80,,ไร่เกาะต้นสำโรง, เพชรเกษม,พระประโทน,เมืองนครปฐม,นครปฐม,034-242850,13.8180344,100.0898962,รับอุดหนุน,เปิดกิจการ
473,1373100019,วิทยาลัยเทคโนโลยีพัฒนบริหารธุรกิจ,235,2,,เพชรเกษม,สระกะเทียม,เมืองนครปฐม,นครปฐม,0-3420-0385,13.79761509,99.96386468,รับอุดหนุน,เปิดกิจการ
474,1373100036,วิทยาลัยเทคโนโลยีนาคประสิทธิ์บริหารธุรกิจ,97/1,3,,,คลองใหม่,สามพราน,นครปฐม,034-311-263,13.7233818,100.2050543,รับอุดหนุน,เปิดกิจการ
475,1376100014,วิทยาลัยอาชีวศึกษาพณิชยการเพชรบุรี,199/2,2,,,ธงชัย,เมืองเพชรบุรี,เพชรบุรี,032-425-393,13.127022,99.9422643,รับอุดหนุน,เปิดกิจการ
476,1377100010,อนุบาลดรุณวัฒนา,1-ก.ย.,4,, เพชรเกษม-ปากคลอง,ปากแพรก,บางสะพานน้อย,ประจวบคีรีขันธ์,032-699-543,,,รับอุดหนุน,เลิกกิจการ
477,1377100026,วิทยาลัยเทคโนโลยีพณิชยการหัวหิน,30-ม.ค.,,,เพชรเกษม,หัวหิน,หัวหิน,ประจวบคีรีขันธ์,032-522102 - 103,12.6093812,99.9497016,รับอุดหนุน,เปิดกิจการ
478,1377100037,วิทยาลัยเทคโนโลยีประจวบคีรีขันธ์,14,9,,เพชรเกษม,คลองวาฬ,เมืองประจวบคีรีขันธ์,ประจวบคีรีขันธ์,032-810-151,11.748786,99.759819,รับอุดหนุน,เปิดกิจการ
479,1380010240,โคกครามพิชากร,,,,,,,,,,,ไม่รับอุดหนุน,เลิกกิจการ
480,1380100040,วิทยาลัยเทคโนโลยีธุรกิจบัณฑิต,18,3,,กะโรม,โพธิ์เสด็จ,เมืองนครศรีธรรมราช,นครศรีธรรมราช,075-315-148,8.4211888,99.9646615,รับอุดหนุน,เปิดกิจการ
481,1380100041,วิทยาลัยเทคโนโลยีจรัสพิชากร,256/16,,,ศรีธรรมโศก,ในเมือง,เมืองนครศรีธรรมราช,นครศรีธรรมราช,075-322-666,,,รับอุดหนุน,เปิดกิจการ
482,1380100042,วิทยาลัยเทคโนโลยีรัชต์ภาคย์,91,7,,เทวบุรี,โพธิ์เสด็จ,เมืองนครศรีธรรมราช,นครศรีธรรมราช,899828044,8.4267381,99.9518209,รับอุดหนุน,เปิดกิจการ
483,1380100043,โรงเรียนนครอาชีวศึกษา (ไม่มีสภาพ),13-ธ.ค.,2,,กระโรม,โพธิ์เสด็จ,เมืองนครศรีธรรมราช,นครศรีธรรมราช,075-341-730,,,ไม่รับอุดหนุน,ยื่นขอเลิกกิจการ/ไม่จัดการเรียนการสอน
484,1380100044,วิทยาลัยอาชีวศึกษานครพณิชยการ,213/8,7,สายลม,กะโรม,โพธิ์เสด็จ,เมืองนครศรีธรรมราช,นครศรีธรรมราช,75342111,,,ไม่รับอุดหนุน,ยื่นขอเลิกกิจการ/ไม่จัดการเรียนการสอน
485,1380100046,โรงเรียนโสภณเทคโนโลยี(ไม่มีสภาพ),64,,,ศรีธรรมโศก,ในเมือง,เมืองนครศรีธรรมราช,นครศรีธรรมราช,75342885,,,ไม่รับอุดหนุน,ไม่มีสภาพ
486,1380100048,วิทยาลัยเทคโนโลยีสถาปัตย์นคร,8,,,ราชดำเนิน,ในเมือง,เมืองนครศรีธรรมราช,นครศรีธรรมราช,75346106,8.4495654,99.9594201,รับอุดหนุน,เปิดกิจการ
487,1380100067,วิทยาลัยเทคโนโลยีเจริญมิตรพณิชยการ,131/1,8,,,ฉวาง,ฉวาง,นครศรีธรรมราช,75480857,8.465783,99.4910915,รับอุดหนุน,เปิดกิจการ
488,1380100093,โรงเรียนพณิชยการทุ่งสง,123,7,,ทุ่งสง-นาบอน,ชะมาย,ทุ่งสง,นครศรีธรรมราช,075-332-266,8.1745749,99.6748245,รับอุดหนุน,เปิดกิจการ
489,1380100094,วิทยาลัยเทคโนโลยีภาคใต้ (เอส.เทค.),124/1,7,,ทุ่งสง-ห้วยยอด,ที่วัง,ทุ่งสง,นครศรีธรรมราช,075-770-136-7,8.1284568,99.6732663,รับอุดหนุน,เปิดกิจการ
490,1380100121,วิทยาลัยอาชีวศึกษาปากพนัง,31,,,ชายทะเล,ปากพนังฝั่งตะวันออก,ปากพนัง,นครศรีธรรมราช,075-517383,8.356526718,100.2032834,รับอุดหนุน,เปิดกิจการ
491,1380100122,วิทยาลัยเทคโนโลยีทักษิณอาชีวศึกษา,146,,,สุนอนันต์,ปากพนังฝั่งตะวันตก,ปากพนัง,นครศรีธรรมราช,075-370-027,8.3450008,100.1909257,รับอุดหนุน,เปิดกิจการ
492,1380100130,วิทยาลัยอาชีวศึกษาวีรศิลปิน,384,12,,เพชรเกษม,ร่อนพิบูลย์,ร่อนพิบูลย์,นครศรีธรรมราช,075-442-008,8.1734302,99.8532554,ไม่รับอุดหนุน,เปิดกิจการ
493,1380100131,วิทยาลัยอาชีวศึกษาพณิชยการศักดิ์ศิลปิน,382,12,,เพชรเกษม,ร่อนพิบูลย์,ร่อนพิบูลย์,นครศรีธรรมราช,075-442-008,8.263901,99.845196,รับอุดหนุน,เปิดกิจการ
494,1380100139,วิทยาลัยเทคโนโลยีพณิชยการสิชล,23-ก.พ.,1,,สุราษฎร์-นครศรีฯ,เสาเภา,สิชล,นครศรีธรรมราช,075-367-020,8.8848848,99.9015024,รับอุดหนุน,เปิดกิจการ
495,1380100163,วิทยาลัยเทคโนโลยีนวัตกรรม,91/2,1,,,ไชยมนตรี,เมืองนครศรีธรรมราช,นครศรีธรรมราช,075-317-503,,,ไม่รับอุดหนุน,เลิกกิจการ
496,1380100214,วิทยาลัยเทคโนโลยีประทีปศาสน์โปลีเทค,166/1,6,,,กำแพงเซา,เมืองนครศรีธรรมราช,นครศรีธรรมราช,21143354,8.3982481,99.871702,รับอุดหนุน,เปิดกิจการ
497,1381100006,วิทยาลัยเทคโนโลยีนครกระบี่,150,11,,เพชรเกษม,กระบี่น้อย,เมืองกระบี่,กระบี่,75663413,,,ไม่รับอุดหนุน,เลิกกิจการ
498,1381100025,วิทยาลัยเทคโนโลยีและบริหารธุรกิจกระบี่,500,6,,ริมคลองชลประทาน,เหนือคลอง,เหนือคลอง,กระบี่,075-691-888,,,ไม่รับอุดหนุน,เลิกกิจการ
499,1383100014,วิทยาลัยอาชีวศึกษาบริหารธุรกิจภาคใต้,266,,เดชาณรงค์,เยาวราช,ตลาดใหญ่,เมืองภูเก็ต,ภูเก็ต,076-212-496,7.9039832,98.3794677,ไม่รับอุดหนุน,เปิดกิจการ
500,1383100015,วิทยาลัยเทคโนโลยีภูเก็ต,224/9,,,เทพกระษัตรี,ตลาดใหญ่,เมืองภูเก็ต,ภูเก็ต,076-215-419,7.897848,98.3902434,รับอุดหนุน,เปิดกิจการ
501,1384010240,วิทยาลัยอาชีวศึกษาภาวนาโพธิคุณ,111,1,,,หน้าเมือง,เกาะสมุย,สุราษฎร์ธานี,088-757-2770,9.451408162,99.98186208,รับอุดหนุน,เปิดกิจการ
502,1384100020,วิทยาลัยเทคโนโลยีสุราษฎร์ธานี,1,1,,กาญจนวิถี,บางกุ้ง,เมืองสุราษฎร์ธานี,สุราษฎร์ธานี,077-212-4045,,,ไม่รับอุดหนุน,เลิกกิจการ
503,1384100021,วิทยาลัยเทคโนโลยีสุราษฎร์พาณิชยการ,ส.ค.-23,2,ศรีวิชัย 59,ศรีวิชัย,มะขามเตี้ย,เมืองสุราษฎร์ธานี,สุราษฎร์ธานี,077-221-673-4,9.1262301,99.3153367,รับอุดหนุน,เปิดกิจการ
504,1384100022,วิทยาลัยเทคโนโลยีดอนบอสโกสุราษฎร์,6-ส.ค.,6,,ชนเกษม41,มะขามเตี้ย,เมืองสุราษฎร์ธานี,สุราษฎร์ธานี,077-219-122,9.105485057,99.33833876,รับอุดหนุน,เปิดกิจการ
505,1384100028,วิทยาลัยเทคโนโลยีสมุยบริหารธุรกิจ,108,2,,ทวีราษฎร์ภักดี,หน้าเมือง,เกาะสมุย,สุราษฎร์ธานี,077-418-333,,,ไม่รับอุดหนุน,เลิกกิจการ
506,1384100060,วิทยาลัยเทคโนโลยีศรีวิชัยสุวรรณภูมิ,13,,,ธราธิบดี,ท่าข้าม,พุนพิน,สุราษฎร์ธานี,77311411,9.1052745,99.2533034,รับอุดหนุน,เปิดกิจการ
507,1385100006,เทคโนโลยี่ดารากร,74/6,1,,เพชรเกษม,หงาว,เมืองระนอง,ระนอง,77848397,,,ไม่รับอุดหนุน,เลิกกิจการ
508,1386100016,วิทยาลัยเทคโนโลยีชุมพรบริหารธุรกิจ,80,11,,เอเชีย 41,วังตะกอ,หลังสวน,ชุมพร,077-630802,9.9907774,99.0660117,รับอุดหนุน,เปิดกิจการ
509,1386100021,วิทยาลัยอาชีวศึกษารักธรรม,29-ม.ค.,4,,,นาโพธิ์,สวี,ชุมพร,077-531438,10.2207497,99.0974419,รับอุดหนุน,เปิดกิจการ
510,1390100011,วิทยาลัยเทคโนโลยีวชิราโปลีสงขลา,2,,,ทะเลหลวง,บ่อยาง,เมืองสงขลา,สงขลา,074-313-748,7.1948382,100.6021842,รับอุดหนุน,เปิดกิจการ
511,1390100012,วิทยาลัยอาชีวศึกษาบริหารธุรกิจวิทยาสงขลา,,,,รามวิถี,บ่อยาง,เมืองสงขลา,สงขลา,074-437-631,7.1910121,100.5960935,รับอุดหนุน,เปิดกิจการ
512,1390100014,โรงเรียนเทคโนโลยีพณิชยการสงขลา,405/6-7,,,กาญจนวนิช,บ่อยาง,เมืองสงขลา,สงขลา,074-311-989,,,ไม่รับอุดหนุน,ไม่มีสภาพ
513,1390100015,วิทยาลัยเทคโนโลยีสงขลา,175,8,,กาญจนวณิช,เขารูปช้าง,เมืองสงขลา,สงขลา,074-437-1102,7.1701951,100.600955,รับอุดหนุน,เปิดกิจการ
514,1390100081,วิทยาลัยเทคโนโลยีส่องแสงพณิชยการ,591,,,กาญจนวนิช,พะตง,หาดใหญ่,สงขลา,074-291-277,,,รับอุดหนุน,เปิดกิจการ
515,1390100107,วิทยาลัยเทคโนโลยีหาดใหญ่อำนวยวิทย์,9-ก.พ.,,26,เพชรเกษม,หาดใหญ่,หาดใหญ่,สงขลา,742532312,7.002189207,100.4536787,รับอุดหนุน,เปิดกิจการ
516,1390100108,วิทยาลัยเทคโนโลยีช่างกลภาคใต้,346/45,7,,พลพิชัย,หาดใหญ่,หาดใหญ่,สงขลา,074-253-457 ,6.9943713,100.4620517,รับอุดหนุน,เปิดกิจการ
517,1390100109,วิทยาลัยเทคโนโลยีพณิชยการหาดใหญ่,4,,5,เพชรเกษม,หาดใหญ่,หาดใหญ่,สงขลา,074-364-948-9,7.0181603,100.4913868,รับอุดหนุน,เปิดกิจการ
518,1390100110,วิทยาลัยเทคโนโลยีอุดมศึกษาพณิชยการ,406,,,ธรรมนูญวิถี,หาดใหญ่,หาดใหญ่,สงขลา,074-246-227,7.0049584,100.4855271,รับอุดหนุน,เปิดกิจการ
519,1390100111,วิทยาลัยเทคโนโลยีหาดใหญ่,58/4,11,,ลพบุรีราเมศวร์,ท่าช้าง,บางกล่ำ,สงขลา,074-554-333,7.02717,100.446667,ไม่รับอุดหนุน,เปิดกิจการ
520,1390100113,วิทยาลัยเทคโนโลยีนครหาดใหญ่,242,,,แสงศรี,หาดใหญ่,หาดใหญ่,สงขลา,074-245-110,7.010711,100.476852,รับอุดหนุน,เปิดกิจการ
521,1390100116,วิทยาลัยเทคโนโลยีหาดใหญ่บริหารธุรกิจสากล,787,,,ราษฎร์อุทิศ,หาดใหญ่,หาดใหญ่,สงขลา,74252111,,,รับอุดหนุน,เลิกกิจการ
522,1390100146,วิทยาลัยเทคโนโลยีสันติวิทย์สงขลา,13-มิ.ย.,6,,,บ้านนา,จะนะ,สงขลา,074-801727,6.8974469,100.7440282,รับอุดหนุน,เปิดกิจการ
523,1390100151,วิทยาลัยอาชีวศึกษาออมสินสมโภช ๙๙ ปี วิทยานุสรณ์,164,,,เทศบาล 73,พะตง,หาดใหญ่,สงขลา,074-291-772,,,รับอุดหนุน,เลิกกิจการ
524,1390100323,วิทยาลัยอาชีวศึกษาฮอไรซอนบริหารธุรกิจ,ึ75,7,,,จะโหนง,จะนะ,สงขลา,613647538,7.0015138,100.6658258,รับอุดหนุน,เปิดกิจการ
525,1390100325,วิทยาลัยเทคโนโลยีพณิชยการมูฮำมาดีย์,26-ก.ค.,5,,,จะแหน,สะบ้าย้อย,สงขลา,082-2650321,6.5056831,100.9970161,รับอุดหนุน,เปิดกิจการ
526,1390100326,วิทยาลัยเทคโนโลยีนูซันตารา,72/1,2,,,บ้านนา,จะนะ,สงขลา,074-207179,,,รับอุดหนุน,เลิกกิจการ
527,1391100011,โรงเรียนสันติพณิชยการ,15,13,,ยนตรการกำธร,ฉลุง,เมืองสตูล,สตูล,74799315,6.7401954,100.2651679,รับอุดหนุน,เปิดกิจการ
528,1391100039,วิทยาลัยเทคโนโลยีอันดามันอนาโตเลียน,334,2,,,ควนสตอ,ควนโดน,สตูล,873987761,6.744412,100.0883309,รับอุดหนุน,เปิดกิจการ
529,1392100015,วิทยาลัยเทคโนโลยีพณิชยการสยามตรัง,,4,,ตรัง-ปะเหลียน,บ้านควน,เมืองตรัง,ตรัง,075-501-213,,,ไม่รับอุดหนุน,เลิกกิจการ
530,1392100016,วิทยาลัยอาชีวศึกษาโปลีเทคนิคตรัง,45,6,,บางรัก-ควนขัน,โคกหล่อ,เมืองตรัง,ตรัง,75290416,7.5449901,99.6253121,รับอุดหนุน,เปิดกิจการ
531,1392100017,วิทยาลัยอาชีวศึกษาสหตรัง,7-ก.พ.,7,,ตรัง-พัทลุง,บ้านโพธิ์,เมืองตรัง,ตรัง,075-216-297,7.567451,99.642919,รับอุดหนุน,เปิดกิจการ
532,1393100012,วิทยาลัยเทคโนโลยีพัทลุงบริหารธุรกิจ,72,,,ไชยบุรี,คูหาสวรรค์,เมืองพัทลุง,พัทลุง,74673641,7.6209009,100.0676132,รับอุดหนุน,เปิดกิจการ
533,1394100005,วิทยาลัยเทคโนโลยีปัตตานี,41,,,มายอ,อาเนาะรู,เมืองปัตตานี,ปัตตานี,073-349-597,,,ไม่รับอุดหนุน,เลิกกิจการ
534,1394100024,วิทยาลัยเทคโนโลยีอาซิซสถานพณิชยการ ,119,7,,,นาประดู่,โคกโพธิ์,ปัตตานี,815992978,6.6914805,101.1383228,รับอุดหนุน,เปิดกิจการ
535,1394100050,วิทยาลัยอาชีวศึกษาสายบุรี,265,,,ท่าเสด็จ,ตะลุบัน,สายบุรี,ปัตตานี,73411093,6.6872384,101.6203604,รับอุดหนุน,เปิดกิจการ
536,1395100010,วิทยาลัยอาชีวศึกษาผดุงประชายะลา,1,,,เทศบาล3,สะเตง,เมืองยะลา,ยะลา,073-212-338,6.5574777,101.2914199,รับอุดหนุน,เปิดกิจการ
537,1395100011,วิทยาลัยเทคโนโลยีบริหารธุรกิจยะลา,133/25,10,,พณิชยการ,สะเตง,เมืองยะลา,ยะลา,73222257,6.54067,101.293826,รับอุดหนุน,เปิดกิจการ
538,1395100099,วิทยาลัยอาชีวศึกษาบริหารธุรกิจอิสลามยะลา,84/1,3,,,ตาเนาะปูเต๊ะ,บันนังสตา,ยะลา,864803614,,,ไม่รับอุดหนุน,ยื่นขอเลิกกิจการ/ไม่จัดการเรียนการสอน
