ลำดับ,รหัสสถานศึกษา,ชื่อสถานศึกษา,อาชีวศึกษาจังหวัด,ภาค,ประเภทสถานศึกษา,เลขที่,หมู่,ซอย,ถนน,ตำบล,อำเภอ,จังหวัด,รหัสไปรษณีย์,โทรศัพท์,พิกัดละติจูด,พิกัดลองจิจูด,เว็บไซต์
1,1310016101,กาญจนาภิเษกวิทยาลัยช่างทองหลวง,กรุงเทพมหานคร,ภาคตะวันออกและกรุงเทพมหานคร,กาญจนาภิเษกวิทยาลัยช่างทองหลวง,299/1,5,,,ศาลายา,พุทธมณฑล,นครปฐม,73170,0-2431-3613,13.81600078,100.3194978,http://www.goldsmith.ac.th
2,1310016201,วิทยาลัยอาชีวศึกษาเสาวภา,กรุงเทพมหานคร,ภาคตะวันออกและกรุงเทพมหานคร,วิทยาลัยอาชีวศึกษา,377,,,บ้านหม้อ,วังบูรพาภิรมย์,พระนคร,กรุงเทพมหานคร,10200,22221786,13.743314,100.497576,http://www.swbvc.ac.th
3,1310026101,วิทยาลัยเทคนิคดุสิต,กรุงเทพมหานคร,ภาคตะวันออกและกรุงเทพมหานคร,วิทยาลัยเทคนิค,76,1,ระนอง 2,ระนอง 2,ถนนนครไชยศรี,ดุสิต,กรุงเทพมหานคร,10300,22410099,13.786261,100.53109,http://www.technicdusit.ac.th/
4,1310036401,วิทยาลัยการอาชีพกาญจนาภิเษกหนองจอก,กรุงเทพมหานคร,ภาคตะวันออกและกรุงเทพมหานคร,วิทยาลัยการอาชีพ,66,8,6,ร่วมพัฒนา,ลำผักชี,หนองจอก,กรุงเทพมหานคร,10530,29887739,13.7917607,100.8620888,http://www.knice.ac.th
5,1310046501,วิทยาลัยสารพัดช่างสี่พระยา,กรุงเทพมหานคร,ภาคตะวันออกและกรุงเทพมหานคร,วิทยาลัยสารพัดช่าง,474/2,,,สี่พระยา,มหาพฤฒาราม,บางรัก,กรุงเทพมหานคร,10500,22361245,13.7309529,100.5198625,http://www.spy.ac.th
6,1310066201,วิทยาลัยศิลปหัตถกรรมกรุงเทพ,กรุงเทพมหานคร,ภาคตะวันออกและกรุงเทพมหานคร,วิทยาลัยศิลปหัตถกรรม,89,,,ลาดพร้าว 101,คลองจั่น,บางกะปิ,กรุงเทพมหานคร,10240,02-376-0062-3,13.7927439,100.62599,http://www.artsbkk.ac.th
7,1310086501,วิทยาลัยสารพัดช่างพระนคร,กรุงเทพมหานคร,ภาคตะวันออกและกรุงเทพมหานคร,วิทยาลัยสารพัดช่าง,286/1,,,บำรุงเมือง,บ้านบาตร,ป้อมปราบศัตรูพ่าย,กรุงเทพมหานคร,10100,22232276,13.75158081,100.5059495,http://www.bpc.ac.th
8,1310096201,วิทยาลัยพณิชยการบางนา,กรุงเทพมหานคร,ภาคตะวันออกและกรุงเทพมหานคร,วิทยาลัยพณิชยการ,22,1,บางนา-ตราด 1,บางนา-ตราด,บางนาใต้,บางนา,กรุงเทพมหานคร,10260,23612902,13.675835,100.616077,http://www.bncc.ac.th
9,1310106101,วิทยาลัยเทคนิคมีนบุรี,กรุงเทพมหานคร,ภาคตะวันออกและกรุงเทพมหานคร,วิทยาลัยเทคนิค,57,,,สีหบุรานุกิจ,มีนบุรี,มีนบุรี,กรุงเทพมหานคร,10510,0 2517 2041,13.813191,100.720097,http://www.minburi.ac.th
10,1310106102,วิทยาลัยเทคนิคกาญจนาภิเษกมหานคร,กรุงเทพมหานคร,ภาคตะวันออกและกรุงเทพมหานคร,วิทยาลัยเทคนิค,73,18,คุ้มเกล้า,คุ้มเกล้า,แสนแสบ,มีนบุรี,กรุงเทพมหานคร,10510,0-2175-1016,13.807746,100.782521,http://www.ktcm.ac.th
11,1310166201,วิทยาลัยอาชีวศึกษาธนบุรี,กรุงเทพมหานคร,ภาคตะวันออกและกรุงเทพมหานคร,วิทยาลัยอาชีวศึกษา,182,,พาณิชยการธนบุรี,จรัญสนิทวงศ์13,วัดท่าพระ,บางกอกใหญ่,กรุงเทพมหานคร,10600,24123486,13.7409802,100.4637213,http://www.thonburi.ac.th
12,1310186501,วิทยาลัยสารพัดช่างธนบุรี,กรุงเทพมหานคร,ภาคตะวันออกและกรุงเทพมหานคร,วิทยาลัยสารพัดช่าง,159,,,เชียงใหม่,คลองสาน,คลองสาน,กรุงเทพมหานคร,10600,"24,375,371,024,375,500",13.7339262,100.5047043,http://www.tpc.ac.th
13,1310226201,วิทยาลัยพณิชยการธนบุรี,กรุงเทพมหานคร,ภาคตะวันออกและกรุงเทพมหานคร,วิทยาลัยพณิชยการ,20,,บางแวก3,จรัญสนิทวงศ์13,คูหาสวรรค์,ภาษีเจริญ,กรุงเทพมหานคร,10160,24670571,13.73802944,100.4595398,http://www.panitthon.ac.th
14,1310246201,วิทยาลัยพณิชยการเชตุพน,กรุงเทพมหานคร,ภาคตะวันออกและกรุงเทพมหานคร,วิทยาลัยพณิชยการ,126,,,ประชาอุทิศ,ราษฎร์บูรณะ,ราษฎร์บูรณะ,กรุงเทพมหานคร,10140,02-4273399,13.668965,100.504539,http://www.chetupon.ac.th
15,1310256501,วิทยาลัยสารพัดช่างนครหลวง,กรุงเทพมหานคร,ภาคตะวันออกและกรุงเทพมหานคร,วิทยาลัยสารพัดช่าง,332,,จรัญสนิทวงศ์ 68,จรัญสนิทวงศ์,บางพลัด,บางพลัด,กรุงเทพมหานคร,10700,24241944,13.7859277,100.4989195,https://www.nlpoly.ac.th
16,1310276401,วิทยาลัยการอาชีพนวมินทราชูทิศ,กรุงเทพมหานคร,ภาคตะวันออกและกรุงเทพมหานคร,วิทยาลัยการอาชีพ,11-พ.ย.,,นวลจันทร์56แยก3,นวลจันทร์,นวลจันทร์,บึงกุ่ม,กรุงเทพมหานคร,10230,29489779,13.83668049,100.6463182,http://www.nwm.ac.th
17,1310286201,วิทยาลัยอาชีวศึกษาเอี่ยมละออ,กรุงเทพมหานคร,ภาคตะวันออกและกรุงเทพมหานคร,วิทยาลัยอาชีวศึกษา,507/2,,สวนพลู,สาทร 3,ทุ่งมหาเมฆ,สาทร,กรุงเทพมหานคร,10120,22869712,13.71708,100.54019,https://www.eovc.ac.th/
18,1310366101,วิทยาลัยเทคนิคดอนเมือง,กรุงเทพมหานคร,ภาคตะวันออกและกรุงเทพมหานคร,วิทยาลัยเทคนิค,425,,,สรงประภา,ดอนเมือง,ดอนเมือง,กรุงเทพมหานคร,10210,02-565-5277-9,13.928482,100.580641,http://www.technicdon.ac.th
19,1310456201,วิทยาลัยพณิชยการอินทราชัย,กรุงเทพมหานคร,ภาคตะวันออกและกรุงเทพมหานคร,วิทยาลัยพณิชยการ,467,1,รามคำแหง39 แยก 19,ประชาอุทิศ,พลับพลา,วังทองหลาง,กรุงเทพมหานคร,10310,23145401,13.76152114,100.6059193,http://www.intrachai.ac.th
20,1310466201,วิทยาลัยบริหารธุรกิจและการท่องเที่ยวกรุงเทพ,กรุงเทพมหานคร,ภาคตะวันออกและกรุงเทพมหานคร,วิทยาลัยบริหารธุรกิจและการท่องเที่ยว,11,,เลียบคลองสอง 19,เลียบคลองสอง,สามวาตะวันตก,คลองสามวา,กรุงเทพมหานคร,10510,02-914-3172-3,13.86520515,100.7090037,http://www.bcbat.ac.th
21,1310506101,วิทยาลัยเทคนิคราชสิทธาราม,กรุงเทพมหานคร,ภาคตะวันออกและกรุงเทพมหานคร,วิทยาลัยเทคนิค,19,,เอกชัย116,เอกชัย,บางบอนใต้,บางบอน,กรุงเทพมหานคร,10150,28950856,13.6474128,100.3770639,http://www.rajasit.ac.th
22,1311016101,วิทยาลัยเทคนิคสมุทรปราการ,สมุทรปราการ,ภาคกลาง,วิทยาลัยเทคนิค,336,1,,สุขุมวิท,บางปูใหม่,เมืองสมุทรปราการ,สมุทรปราการ,10280,23239009,13.544414,100.62025,http://www.sptc.ac.th
23,1311016501,วิทยาลัยสารพัดช่างสมุทรปราการ,สมุทรปราการ,ภาคกลาง,วิทยาลัยสารพัดช่าง,274,,,สุขุมวิท,ปากน้ำ,เมืองสมุทรปราการ,สมุทรปราการ,10270,23953935,13.601633,100.556565,http://www.spkpoly.ac.th
24,1311026101,วิทยาลัยเทคนิคกาญจนาภิเษกสมุทรปราการ,สมุทรปราการ,ภาคกลาง,วิทยาลัยเทคนิค,259,8,,รัตนโกสินทร์200ปี,บางบ่อ,บางบ่อ,สมุทรปราการ,10560,099-0167-600,13.634674,100.868574,https://www.kpsptc.ac.th
25,1311056401,วิทยาลัยการอาชีพพระสมุทรเจดีย์,สมุทรปราการ,ภาคกลาง,วิทยาลัยการอาชีพ,143,5,,สุขสวัสดิ์,แหลมฟ้าผ่า,พระสมุทรเจดีย์,สมุทรปราการ,10290,24537847,13.5680417,100.5636491,http://www.prasamutjd.ac.th
26,1312056401,วิทยาลัยเทคนิคนนทบุรี,นนทบุรี,ภาคกลาง,วิทยาลัยเทคนิค,116,6,,ฤชุพันธ์,ราษฎร์นิยม,ไทรน้อย,นนทบุรี,11150,29855111,14.1040715,100.320582,http://www.technicnon.ac.th
27,1313016101,วิทยาลัยเทคนิคปทุมธานี,ปทุมธานี,ภาคกลาง,วิทยาลัยเทคนิค,79,5,,ติวานนท์,บ้านกลาง,เมืองปทุมธานี,ปทุมธานี,12000,25816920,14.020545,100.53867,http://www.pttc.ac.th
28,1313016301,วิทยาลัยการอาชีวศึกษาปทุมธานี,ปทุมธานี,ภาคกลาง,วิทยาลัยการอาชีวศึกษา,2,6,,รังสิต-ปทุมธานี,บางพูน,เมืองปทุมธานี,ปทุมธานี,12000,02-567-0784,13.9939036,100.577951,http://www.p-vec.ac.th
29,1313036101,วิทยาลัยเทคนิคธัญบุรี,ปทุมธานี,ภาคกลาง,วิทยาลัยเทคนิค,109,3,,รังสิต-นครนายก,บึงน้ำรักษ์,ธัญบุรี,ปทุมธานี,12110,025467185-6,14.0635336,100.884103,http://www.thanyatech.ac.th
30,1314016101,วิทยาลัยเทคนิคพระนครศรีอยุธยา,พระนครศรีอยุธยา,ภาคกลาง,วิทยาลัยเทคนิค,29,1,,นเรศวร,ท่าวาสุกรี,พระนครศรีอยุธยา,พระนครศรีอยุธยา,13000,0-3593-0651-4,14.3577,100.5632,http://www.ayuttech.ac.th
31,1314016102,วิทยาลัยเทคโนโลยีและอุตสาหกรรมการต่อเรือพระนครศรีอยุธยา,พระนครศรีอยุธยา,ภาคกลาง,วิทยาลัยเทคโนโลยีและอุตสาหกรรมการต่อเรือ,25,2,,อู่ทอง,หัวรอ,พระนครศรีอยุธยา,พระนครศรีอยุธยา,13000,0-3525-1491 ,14.366148,100.580027,http://www.ayship.ac.th
32,1314016103,วิทยาลัยเทคนิคอุตสาหกรรมยานยนต์,พระนครศรีอยุธยา,ภาคกลาง,วิทยาลัยเทคนิค,55,9,,โรจนะ - อุทัย,คานหาม,อุทัย,พระนครศรีอยุธยา,13210,035-800661-2,14.319142,100.650742,http://www.aitc.ac.th
33,1314016201,วิทยาลัยอาชีวศึกษาพระนครศรีอยุธยา,พระนครศรีอยุธยา,ภาคกลาง,วิทยาลัยอาชีวศึกษา,ค.2,3,,เดชาวุธ,หอรัตนไชย,พระนครศรีอยุธยา,พระนครศรีอยุธยา,13000,0-3524-1211,14.354551,100.579168,http://www.avc.ac.th
34,1314046301,วิทยาลัยเกษตรและเทคโนโลยีศูนย์ศิลปาชีพบางไทร,พระนครศรีอยุธยา,ภาคกลาง,วิทยาลัยเกษตรและเทคโนโลยี,59,1,,เชียงราก-บางปะอิน,โพแตง,บางไทร,พระนครศรีอยุธยา,13290,35704152,14.1365362,100.523812,http://www.kasetbangsai.ac.th
35,1314066701,วิทยาลัยเสริมทักษะพระภิกษุ สามเณร,พระนครศรีอยุธยา,ภาคกลาง,วิทยาลัยเสริมทักษะพระภิกษุ สามเณร,60,12,,,บ้านเลน,บางปะอิน,พระนครศรีอยุธยา,13160,35902606,14.2339622,100.5774575,http://www.spscollege.ac.th/
36,1314126401,วิทยาลัยการอาชีพเสนา,พระนครศรีอยุธยา,ภาคกลาง,วิทยาลัยการอาชีพ,68,4,,อยุธยา-สุพรรณบุรี,บ้านแถว,เสนา,พระนครศรีอยุธยา,13110,35930635,14.3144426,100.355228,http://www.senavec.ac.th
37,1314146501,วิทยาลัยสารพัดช่างพระนครศรีอยุธยา,พระนครศรีอยุธยา,ภาคกลาง,วิทยาลัยสารพัดช่าง,131,1,,โรจนะ,ธนู,อุทัย,พระนครศรีอยุธยา,13000,035-213-334,14342124,100.605378,http://www.apc.ac.th
38,1314156401,วิทยาลัยการอาชีพมหาราช,พระนครศรีอยุธยา,ภาคกลาง,วิทยาลัยการอาชีพ,71,2,,โพธิ์พะยา-ท่าเรือ,บ้านขวาง,มหาราช,พระนครศรีอยุธยา,13150,035-611959,14.5800441,100.5053526,http://www.mice.ac.th
39,1315016101,วิทยาลัยเทคนิคอ่างทอง,อ่างทอง,ภาคกลาง,วิทยาลัยเทคนิค,2,,,เทศบาล10,ตลาดหลวง,เมืองอ่างทอง,อ่างทอง,14000,35611656,14.5943141,100.459408,http://www.attc.ac.th/
40,1315046401,วิทยาลัยการอาชีพโพธิ์ทอง,อ่างทอง,ภาคกลาง,วิทยาลัยการอาชีพ,53,2,,,บางเจ้าฉ่า,โพธิ์ทอง,อ่างทอง,14120,619178111,14.6721901,100.4117177,http://www.picec.ac.th
41,1315066401,วิทยาลัยการอาชีพวิเศษชัยชาญ,อ่างทอง,ภาคกลาง,วิทยาลัยการอาชีพ,66,4,,เสนา-ท่าช้าง,ศาลเจ้าโรงทอง,วิเศษชัยชาญ,อ่างทอง,14110,35632123,14.589341,100.346168,http://www.viset.ac.th
42,1316016101,วิทยาลัยเทคนิคลพบุรี,ลพบุรี,ภาคกลาง,วิทยาลัยเทคนิค,323,,,นารายณ์มหาราช,ทะเลชุบศร,เมืองลพบุรี,ลพบุรี,15000,036-411083,14.80134853,100.6199315,http://www.lbtech.ac.th
43,1316016201,วิทยาลัยอาชีวศึกษาลพบุรี,ลพบุรี,ภาคกลาง,วิทยาลัยอาชีวศึกษา,139,6,,สระแก้ว-ป่าหวาย,ป่าตาล,เมืองลพบุรี,ลพบุรี,15000,36421245,14.7650308,100.646153,http://www.lbvoc.ac.th
44,1316016501,วิทยาลัยสารพัดช่างลพบุรี,ลพบุรี,ภาคกลาง,วิทยาลัยสารพัดช่าง,100,3,,พหลโยธิน,ท่าศาลา,เมืองลพบุรี,ลพบุรี,15000,036-420950,14.7853733,100.6799186,http://www.lpc.ac.th
45,1316026301,วิทยาลัยเกษตรและเทคโนโลยีลพบุรี,ลพบุรี,ภาคกลาง,วิทยาลัยเกษตรและเทคโนโลยี,26,4,21,,พัฒนานิคม,พัฒนานิคม,ลพบุรี,15140,36491370,14.88934658,100.981102,http://www.lbcat.ac.th
46,1316036101,วิทยาลัยเทคนิคลพบุรี แห่งที่ 2,ลพบุรี,ภาคกลาง,วิทยาลัยเทคนิค,205,5,,ดีลัง-วังเพลิง,วังเพลิง,โคกสำโรง,ลพบุรี,15120,036-680391,15.0010619,100.8615803,http://www.lbtech2.ac.th
47,1316036401,วิทยาลัยเทคนิคโคกสำโรง,ลพบุรี,ภาคกลาง,วิทยาลัยเทคนิค,343,1,,สุรนารายณ์,วังเพลิง,โคกสำโรง,ลพบุรี,15120,0-3670-8093,15.073118,100.829598,http://www.ksrtech.ac.th
48,1316046401,วิทยาลัยการอาชีพชัยบาดาล,ลพบุรี,ภาคกลาง,วิทยาลัยการอาชีพ,221,1,,,บัวชุม,ชัยบาดาล,ลพบุรี,15130,36689921,15.22082414,101.1947813,http://www.chaibadan.ac.th
49,1316076801,วิทยาลัยเทคโนโลยีและการบริหารจัดการอุตสาหกรรมอ้อยและน้ำตาลทราย,ลพบุรี,ภาคกลาง,วิทยาลัยเทคโนโลยีและการบริหารจัดการ,555,4,,,ท่าหลวง,ท่าหลวง,ลพบุรี,15230,614168819,15.07119633,101.1008826,http://www.sugartech.ac.th
50,1317016101,วิทยาลัยเทคนิคสิงห์บุรี,สิงห์บุรี,ภาคกลาง,วิทยาลัยเทคนิค,4,,,วิไลจิตต์,บางพุทรา,เมืองสิงห์บุรี,สิงห์บุรี,16000,036-511232,14.8777726,100.4050016,http://www.sbtc.ac.th
51,1317016201,วิทยาลัยอาชีวศึกษาสิงห์บุรี,สิงห์บุรี,ภาคกลาง,วิทยาลัยอาชีวศึกษา,643,,,นายจันหนวดเขี้ยว,บางพุทรา,เมืองสิงห์บุรี,สิงห์บุรี,16000,36512515,14.8922803,100.3995681,http://www.sivc.ac.th
52,1317016301,วิทยาลัยเกษตรและเทคโนโลยีสิงห์บุรี,สิงห์บุรี,ภาคกลาง,วิทยาลัยเกษตรและเทคโนโลยี,111,1,,เอเชีย,ม่วงหมู่,เมืองสิงห์บุรี,สิงห์บุรี,16000,36510982,14.8584553,100.4397465,http://www.kasetsing.ac.th
53,1317046101,วิทยาลัยเทคนิคสิงห์บุรี แห่งที่ 2,สิงห์บุรี,ภาคกลาง,วิทยาลัยเทคนิค,49,1,,อ่างทอง-สุพรรณบุรี,โพประจักษ์,ท่าช้าง,สิงห์บุรี,16140,036-510857,14.795401,100.382917,http://www.singtc2.ac.th
54,1317066401,วิทยาลัยการอาชีพอินทร์บุรี,สิงห์บุรี,ภาคกลาง,วิทยาลัยการอาชีพ,91,2,,อินทร์บุรี-หนองสุ่ม,อินทร์บุรี,อินทร์บุรี,สิงห์บุรี,16110,036-699488,14.9978791,100.3150587,http://www.icc.ac.th
55,1318016101,วิทยาลัยเทคนิคชัยนาท,ชัยนาท,ภาคกลาง,วิทยาลัยเทคนิค,336,5,,พหลโยธิน,บ้านกล้วย,เมืองชัยนาท,ชัยนาท,17000,056 411 276,15.192604,100.128781,http://www.chainat.ac.th
56,1318026301,วิทยาลัยเกษตรและเทคโนโลยีชัยนาท,ชัยนาท,ภาคกลาง,วิทยาลัยเกษตรและเทคโนโลยี,134,3,,,หางน้ำสาคร,มโนรมย์,ชัยนาท,17170,0-5694-1292,15.2798062,100.1738799,http://www.cct.ac.th
57,1318086401,วิทยาลัยการอาชีพเนินขาม,ชัยนาท,ภาคกลาง,วิทยาลัยการอาชีพ,219,14,,หันคา-หูช้าง,เนินขาม,เนินขาม,ชัยนาท,17130,631148348,15.002145,99.28271,http://www.nkec.ac.th
58,1319016101,วิทยาลัยเทคนิคสระบุรี,สระบุรี,ภาคกลาง,วิทยาลัยเทคนิค,424,,,พหลโยธิน,ปากเพรียว,เมืองสระบุรี,สระบุรี,18000,36230459,14.5314,100.912427,http://www.sbt.ac.th
59,1319016201,วิทยาลัยอาชีวศึกษาสระบุรี,สระบุรี,ภาคกลาง,วิทยาลัยอาชีวศึกษา,555,,,พิชัยรณรงค์สงคราม,ปากเพรียว,เมืองสระบุรี,สระบุรี,18000,036-211016,14.529733,100.907553,http://www.rsc.ac.th
60,1319016501,วิทยาลัยสารพัดช่างสระบุรี,สระบุรี,ภาคกลาง,วิทยาลัยสารพัดช่าง,5-ต.ค.,,,พหลโยธิน(เลี่ยงเมืองสระบุรี),ปากเพรียว,เมืองสระบุรี,สระบุรี,18000,036-200661,14.50326721,100.91,http://www.srbpoly.ac.th
61,1319036401,วิทยาลัยการอาชีพหนองแค,สระบุรี,ภาคกลาง,วิทยาลัยการอาชีพ,39,8,,ระพีพัฒน์ฝั่งซ้าย,หนองโรง,หนองแค,สระบุรี,18140,036-370072,14.29509157,100.8925067,http://www.nci.ac.th
62,1319066101,วิทยาลัยเทคนิคท่าหลวงซิเมนต์ไทยอนุสรณ์,สระบุรี,ภาคกลาง,วิทยาลัยเทคนิค,290,8,,พัฒนพงษ์,บ้านครัว,บ้านหมอ,สระบุรี,18270,36281295,14.5730986,100.7733683,http://www.tl.ac.th
63,1319096401,วิทยาลัยการอาชีพสระบุรี,สระบุรี,ภาคกลาง,วิทยาลัยการอาชีพ,112,9,,พหลโยธิน,ขุนโขลน,พระพุทธบาท,สระบุรี,18120,36266561,14.71936582,100.8067585,http://www.sic.ac.th
64,1319116101,วิทยาลัยเทคนิคมวกเหล็ก,สระบุรี,ภาคกลาง,วิทยาลัยเทคนิค,66,9,,มิตรภาพ,มิตรภาพ,มวกเหล็ก,สระบุรี,18180,36344673,14.640014,101.193947,http://www.mlt.ac.th
65,1320016201,วิทยาลัยอาชีวศึกษาชลบุรี,ชลบุรี,ภาคตะวันออกและกรุงเทพมหานคร,วิทยาลัยอาชีวศึกษา,388,5,,สุขุมวิท,บ้านสวน,เมืองชลบุรี,ชลบุรี,20000,033-004458,13.362285,100.989713,http://www.chcvc.ac.th
66,1320016501,วิทยาลัยเทคนิคบางแสน,ชลบุรี,ภาคตะวันออกและกรุงเทพมหานคร,วิทยาลัยเทคนิค,146,5,ห้วยกะปิ 17,สุขุมวิท,ห้วยกะปิ,เมืองชลบุรี,ชลบุรี,20130,038-386360,13.297949,100.955221,http://www.chpt.ac.th
67,1320026101,วิทยาลัยเทคนิคชลบุรี,ชลบุรี,ภาคตะวันออกและกรุงเทพมหานคร,วิทยาลัยเทคนิค,207,3,,บ้านบึง-แกลง,หนองชาก,บ้านบึง,ชลบุรี,20170,0-3848-5202,13.293189,101.165671,http://www.chontech.ac.th
68,1320046401,วิทยาลัยเทคนิคพัทยา,ชลบุรี,ภาคตะวันออกและกรุงเทพมหานคร,วิทยาลัยเทคนิค,15/17,2,วัดหนองเกตุใหญ่,สุขุมวิท,นาเกลือ,บางละมุง,ชลบุรี,20150,38221643,12.9811,100.9238,http://www.pattayatech.ac.th
69,1320056401,วิทยาลัยอาชีวศึกษาเทคโนโลยีฐานวิทยาศาสตร์ (ชลบุรี),ชลบุรี,ภาคตะวันออกและกรุงเทพมหานคร,วิทยาลัยอาชีวศึกษาเทคโนโลยีฐานวิทยาศาสตร์,37,3,,,บ้านเก่า,พานทอง,ชลบุรี,20160,038-447241,13.449282,101.064823,http://www.sbtvc.ac.th
70,1320066401,วิทยาลัยการอาชีพพนัสนิคม,ชลบุรี,ภาคตะวันออกและกรุงเทพมหานคร,วิทยาลัยการอาชีพ,99,10,,,นาเริก,พนัสนิคม,ชลบุรี,20240,"382,097,630,946,918,000",13.3969203,101.2515034,http://www.panas.ac.th
71,1320096101,วิทยาลัยเทคนิคสัตหีบ,ชลบุรี,ภาคตะวันออกและกรุงเทพมหานคร,วิทยาลัยเทคนิค,193,3,,,นาจอมเทียน,สัตหีบ,ชลบุรี,20250,38238398,12.809981,100.917531,http://www.tatc.ac.th
72,1320096301,วิทยาลัยเกษตรและเทคโนโลยีชลบุรี,ชลบุรี,ภาคตะวันออกและกรุงเทพมหานคร,วิทยาลัยเกษตรและเทคโนโลยี,192,3,,สุขุมวิท,นาจอมเทียน,สัตหีบ,ชลบุรี,20250,0-38237053,12.8132758,100.9170691,http://www.kasetchon.ac.th
73,1321016101,วิทยาลัยเทคนิคระยอง,ระยอง,ภาคตะวันออกและกรุงเทพมหานคร,วิทยาลัยเทคนิค,086/13,,,ตากสินมหาราช,ท่าประดู่,เมืองระยอง,ระยอง,21000,038-611192,12.6669973,101.2721078,http://www.technicrayong.ac.th
74,1321016102,วิทยาลัยเทคนิคมาบตาพุด,ระยอง,ภาคตะวันออกและกรุงเทพมหานคร,วิทยาลัยเทคนิค,234,,,ราษฎร์บำรุง,ห้วยโป่ง,เมืองระยอง,ระยอง,21150,038-026479,12.800753,101.121941,http://www.mtptc.ac.th
75,1321016501,วิทยาลัยเทคนิคนิคมอุตสาหกรรมระยอง,ระยอง,ภาคตะวันออกและกรุงเทพมหานคร,วิทยาลัยเทคนิค,2,1,สุขุมวิท 11,สุขุมวิท,ห้วยโป่ง,เมืองระยอง,ระยอง,21150, 038 685383,12.743923,101.122311,http://www.rayongpoly.ac.th
76,1321036401,วิทยาลัยการอาชีพแกลง,ระยอง,ภาคตะวันออกและกรุงเทพมหานคร,วิทยาลัยการอาชีพ,333,8,,บ้านบึง-แกลง,กระแสบน,แกลง,ระยอง,21110,38992022,12.8395362,101.621465,http://www.klaengvec.go.th
77,1321056101,วิทยาลัยเทคนิคบ้านค่าย,ระยอง,ภาคตะวันออกและกรุงเทพมหานคร,วิทยาลัยเทคนิค,11,11,,,หนองละลอก,บ้านค่าย,ระยอง,21120,038-017941,12.823344,101.217667,http://www.bktech.ac.th
78,1322016101,วิทยาลัยเทคนิคจันทบุรี,จันทบุรี,ภาคตะวันออกและกรุงเทพมหานคร,วิทยาลัยเทคนิค,44/3,,,จันทคามวิถี,ตลาด,เมืองจันทบุรี,จันทบุรี,22000,39311198,12.594035,102.099578,http://www.technicchan.ac.th
79,1322016501,วิทยาลัยสารพัดช่างจันทบุรี,จันทบุรี,ภาคตะวันออกและกรุงเทพมหานคร,วิทยาลัยสารพัดช่าง,59,,,ชวนะอุทิศ,วัดใหม่,เมืองจันทบุรี,จันทบุรี,22000,039-324533,12.61581678,102.0955511,http://www.chanpoly-college.ac.th
80,1322076401,วิทยาลัยการอาชีพสอยดาว,จันทบุรี,ภาคตะวันออกและกรุงเทพมหานคร,วิทยาลัยการอาชีพ,112,4,,,ทรายขาว,สอยดาว,จันทบุรี,22180,0-39393915,13.0840676,102.285437,http://www.siacec.ac.th
81,1322096401,วิทยาลัยการอาชีพนายายอาม,จันทบุรี,ภาคตะวันออกและกรุงเทพมหานคร,วิทยาลัยการอาชีพ,191,13,,สุขุมวิท,นายายอาม,นายายอาม,จันทบุรี,22160,039-370958,12.7719508,101.854238,http://www.nic.ac.th
82,1323016101,วิทยาลัยเทคนิคตราด,ตราด,ภาคตะวันออกและกรุงเทพมหานคร,วิทยาลัยเทคนิค,480,9,,สุขุมวิท,วังกระแจะ,เมืองตราด,ตราด,23000,039-518105,12.29605,102.48729,http://www.trattc.ac.th
83,1323016501,วิทยาลัยสารพัดช่างตราด,ตราด,ภาคตะวันออกและกรุงเทพมหานคร,วิทยาลัยสารพัดช่าง,236,1,0,หลักเมือง,บางพระ,เมืองตราด,ตราด,23000,039-512172,12.240471,102.514275,http://www.tratpt.ac.th
84,1323046401,วิทยาลัยการอาชีพบ่อไร่,ตราด,ภาคตะวันออกและกรุงเทพมหานคร,วิทยาลัยการอาชีพ,45/3,3,,ช้างทูน-สระใหญ่,ช้างทูน,บ่อไร่,ตราด,23140,039-510728,12.5871042,102.4712313,http://www.borai.ac.th
85,1324016101,วิทยาลัยเทคนิคฉะเชิงเทรา,ฉะเชิงเทรา,ภาคตะวันออกและกรุงเทพมหานคร,วิทยาลัยเทคนิค,12,,,มหาจักรพรรดิ์,หน้าเมือง,เมืองฉะเชิงเทรา,ฉะเชิงเทรา,24000,38511211,13.692973,101.072705,http://www.cstc.ac.th
86,1324016201,วิทยาลัยอาชีวศึกษาฉะเชิงเทรา,ฉะเชิงเทรา,ภาคตะวันออกและกรุงเทพมหานคร,วิทยาลัยอาชีวศึกษา,154,0,,มรุพงษ์,หน้าเมือง,เมืองฉะเชิงเทรา,ฉะเชิงเทรา,24000,38511142,13.6890733,101.0756234,http://www.cvc-cha.ac.th
87,1324016501,วิทยาลัยสารพัดช่างฉะเชิงเทรา,ฉะเชิงเทรา,ภาคตะวันออกและกรุงเทพมหานคร,วิทยาลัยสารพัดช่าง,50/4,1,,เลี่ยงเมืองฉะเชิงเทรา,บางตีนเป็ด,เมืองฉะเชิงเทรา,ฉะเชิงเทรา,24000,038-981214,13.6554012,101.0827482,http://www.chpc.ac.th
88,1324046401,วิทยาลัยการอาชีพบางปะกง,ฉะเชิงเทรา,ภาคตะวันออกและกรุงเทพมหานคร,วิทยาลัยการอาชีพ,41,3,,,พิมพา,บางปะกง,ฉะเชิงเทรา,24130,38570333,13.604268,100.950513,http://www.bicc.ac.th
89,1324056101,วิทยาลัยเทคนิคจุฬาภรณ์ (ลาดขวาง),ฉะเชิงเทรา,ภาคตะวันออกและกรุงเทพมหานคร,วิทยาลัยเทคนิค,12-ก.พ.,2,,,ลาดขวาง,บ้านโพธิ์,ฉะเชิงเทรา,24140,038-577797,13.606,101.02,http://www.cltc.ac.th
90,1324066301,วิทยาลัยเกษตรและเทคโนโลยีฉะเชิงเทรา,ฉะเชิงเทรา,ภาคตะวันออกและกรุงเทพมหานคร,วิทยาลัยเกษตรและเทคโนโลยี,284,2,,ฉะเชิงเทรา-กบินทร์บุรี,เขาหินซ้อน,พนมสารคาม,ฉะเชิงเทรา,24120,38554985,13.7544208,101.500099,http://www.ccscat.ac.th
91,1324066401,วิทยาลัยเทคนิคพนมสารคาม,ฉะเชิงเทรา,ภาคตะวันออกและกรุงเทพมหานคร,วิทยาลัยเทคนิค,401,3,,,เกาะขนุน,พนมสารคาม,ฉะเชิงเทรา,24120,0-38554052,13.7127532,101.3824394,http://www.pc.ac.th
92,1325016101,วิทยาลัยเทคนิคปราจีนบุรี,ปราจีนบุรี,ภาคตะวันออกและกรุงเทพมหานคร,วิทยาลัยเทคนิค,908,,,ปราจีนอนุสรณ์,หน้าเมือง,เมืองปราจีนบุรี,ปราจีนบุรี,25000,037-211068,14.05121878,101.3753938,http://www.technicprachin.ac.th
93,1325016501,วิทยาลัยการอาชีพปราจีนบุรี,ปราจีนบุรี,ภาคตะวันออกและกรุงเทพมหานคร,วิทยาลัยการอาชีพ,306/1,,,ราษฎรดำริ,หน้าเมือง,เมืองปราจีนบุรี,ปราจีนบุรี,25000,037-212-220,14.0662284,101.3761409,http://www.ppcollege.ac.th
94,1325026401,วิทยาลัยการอาชีพกบินทร์บุรี,ปราจีนบุรี,ภาคตะวันออกและกรุงเทพมหานคร,วิทยาลัยการอาชีพ,202,3,,ฉะเชิงเทรา-นครราชสีมา,ลาดตะเคียน,กบินทร์บุรี,ปราจีนบุรี,25110,37625220,13.93399,101.69375,http://www.kabinburi.ac.th
95,1325046101,วิทยาลัยเทคนิคบูรพาปราจีน,ปราจีนบุรี,ภาคตะวันออกและกรุงเทพมหานคร,วิทยาลัยเทคนิค,18,12,,,ศรีมหาโพธิ,ศรีมหาโพธิ,ปราจีนบุรี,25140,852887771,13.8861629,101.559926,http://www.burapaprachin.ac.th
96,1326016101,วิทยาลัยเทคนิคนครนายก,นครนายก,ภาคตะวันออกและกรุงเทพมหานคร,วิทยาลัยเทคนิค,116,1,,นครนายก-รังสิต,ท่าช้าง,เมืองนครนายก,นครนายก,26000,037-639658 ต่อ 1,14.203922,101.2064024,http://www.nayoktech.ac.th
97,1326016401,วิทยาลัยการอาชีพนครนายก,นครนายก,ภาคตะวันออกและกรุงเทพมหานคร,วิทยาลัยการอาชีพ,88/2,8,,สุวรรณศร,พรหมณี,เมืองนครนายก,นครนายก,26000,37312568,14.229339,101.172581,http://www.nice-c.ac.th
98,1326046401,วิทยาลัยการอาชีพองครักษ์,นครนายก,ภาคตะวันออกและกรุงเทพมหานคร,วิทยาลัยการอาชีพ,62,3,,นย.5032,ทรายมูล,องครักษ์,นครนายก,26120,0-864171788,14.10860776,101.0625671,http://www.ongkharak.ac.th
99,1327046401,วิทยาลัยเทคนิควังน้ำเย็น,สระแก้ว,ภาคตะวันออกและกรุงเทพมหานคร,วิทยาลัยเทคนิค,104,13,,จันทบุรี-สระแก้ว,วังน้ำเย็น,วังน้ำเย็น,สระแก้ว,27210,37252066,13.4821924,102.199726,http://www.wangcc.ac.th
100,1327056101,วิทยาลัยเทคนิคสระแก้ว,สระแก้ว,ภาคตะวันออกและกรุงเทพมหานคร,วิทยาลัยเทคนิค,200,11,,วัฒนา-เเซร์ออ,วัฒนานคร,วัฒนานคร,สระแก้ว,27160,37261535,13.7605144,102.3243347,http://www.sktc.ac.th
101,1327066301,วิทยาลัยเกษตรและเทคโนโลยีสระแก้ว,สระแก้ว,ภาคตะวันออกและกรุงเทพมหานคร,วิทยาลัยเกษตรและเทคโนโลยี,109,10,,รัชตะวิถี,ผ่านศึก,อรัญประเทศ,สระแก้ว,27120,"037 233993,037233994",13.593161,102.434765,http://www.skat.ac.th
102,1330016101,วิทยาลัยเทคนิคนครราชสีมา,นครราชสีมา,ภาคตะวันออกเฉียงเหนือ,วิทยาลัยเทคนิค,508,,,สุรนารี,ในเมือง,เมืองนครราชสีมา,นครราชสีมา,30000,044-242002   ,14.977896,102.0841704,http://www.ntc.ac.th
103,1330016201,วิทยาลัยอาชีวศึกษานครราชสีมา,นครราชสีมา,ภาคตะวันออกเฉียงเหนือ,วิทยาลัยอาชีวศึกษา,272,,,มิตรภาพ,ในเมือง,เมืองนครราชสีมา,นครราชสีมา,30000,044-242001,14.9807,102.0995,http://www.nvc-korat.ac.th
104,1330016202,วิทยาลัยบริหารธุรกิจและการท่องเที่ยวนครราชสีมา,นครราชสีมา,ภาคตะวันออกเฉียงเหนือ,วิทยาลัยบริหารธุรกิจและการท่องเที่ยว,197,2,,เพชรมาตุคลา,มะเริง,เมืองนครราชสีมา,นครราชสีมา,30000,044-220866,14.96325841,102.1582359,http://www.rcbat.ac.th
105,1330016501,วิทยาลัยเทคนิคนครโคราช,นครราชสีมา,ภาคตะวันออกเฉียงเหนือ,วิทยาลัยเทคนิค,247,3,,มิตรภาพ,หมื่นไวย,เมืองนครราชสีมา,นครราชสีมา,30000,44923301,15.00094179,102.1065838,http://www.nmptc.ac.th
106,1330076101,วิทยาลัยเทคนิคสุรนารี,นครราชสีมา,ภาคตะวันออกเฉียงเหนือ,วิทยาลัยเทคนิค,113,7,,เฉลิมพระเกียรติ,ท่าอ่าง,โชคชัย,นครราชสีมา,30190,44935012,14.830315,102.144699,http://www.srnr.ac.th
107,1330086101,วิทยาลัยเทคนิคหลวงพ่อคูณ ปริสุทฺโธ,นครราชสีมา,ภาคตะวันออกเฉียงเหนือ,วิทยาลัยเทคนิค,999,6,,หนองสรวง-ด่านขุนทด,ด่านขุนทด,ด่านขุนทด,นครราชสีมา,30210,44081145,15.20817896,101.7927436,http://www.lpktc.ac.th
108,1330126401,วิทยาลัยเทคนิคบัวใหญ่,นครราชสีมา,ภาคตะวันออกเฉียงเหนือ,วิทยาลัยเทคนิค,230,4,,ถ.ดอนขุนสนิท-ตะคร้อ,หนองแจ้งใหญ่,บัวใหญ่,นครราชสีมา,30120,044-461956,15.559546,102.404715,http://www.bic.ac.th
109,1330146101,วิทยาลัยเทคนิคปักธงชัย,นครราชสีมา,ภาคตะวันออกเฉียงเหนือ,วิทยาลัยเทคนิค,99,1,,,ตูม,ปักธงชัย,นครราชสีมา,30150,44756359,14.720432,102.01973,http://www.technicpak.ac.th
110,1330156401,วิทยาลัยเทคนิคพิมาย,นครราชสีมา,ภาคตะวันออกเฉียงเหนือ,วิทยาลัยเทคนิค,430,14,,พิมาย-ชุมพวง,ในเมือง,พิมาย,นครราชสีมา,30110,0-4447-1249,15.211061,102.49733,http://www.pmitc.ac.th
111,1330176401,วิทยาลัยการอาชีพชุมพวง,นครราชสีมา,ภาคตะวันออกเฉียงเหนือ,วิทยาลัยการอาชีพ,95,5,,พิมาย-ชุมพวง,ชุมพวง,ชุมพวง,นครราชสีมา,30270,44487181,15.32659,102.729351,http://www.chp.ac.th
112,1330206301,วิทยาลัยเกษตรและเทคโนโลยีนครราชสีมา,นครราชสีมา,ภาคตะวันออกเฉียงเหนือ,วิทยาลัยเกษตรและเทคโนโลยี,146,3,,สุดบรรทัด,ลาดบัวขาว,สีคิ้ว,นครราชสีมา,30340,981717939,14.873515,101.646061,http://www.kasetkorat.ac.th
113,1330216401,วิทยาลัยเทคนิคปากช่อง,นครราชสีมา,ภาคตะวันออกเฉียงเหนือ,วิทยาลัยเทคนิค,881,13,,มิตรภาพ,จันทึก,ปากช่อง,นครราชสีมา,30130,044-390096,14.7482618,101.4813554,http://www.pic.ac.th
114,1331016101,วิทยาลัยเทคนิคบุรีรัมย์,บุรีรัมย์,ภาคตะวันออกเฉียงเหนือ,วิทยาลัยเทคนิค,322,,,จิระ,ในเมือง,เมืองบุรีรัมย์,บุรีรัมย์,31000,44611079,14.992442,103.098149,http://www.btec.ac.th
115,1331016301,วิทยาลัยเกษตรและเทคโนโลยีบุรีรัมย์,บุรีรัมย์,ภาคตะวันออกเฉียงเหนือ,วิทยาลัยเกษตรและเทคโนโลยี,67,1,,,อิสาณ,เมืองบุรีรัมย์,บุรีรัมย์,31000,44611159,14.9839797,103.1042242,http://www.bcat.ac.th
116,1331016501,วิทยาลัยการอาชีพบุรีรัมย์,บุรีรัมย์,ภาคตะวันออกเฉียงเหนือ,วิทยาลัยการอาชีพ,138,,,จิระ,ในเมือง,เมืองบุรีรัมย์,บุรีรัมย์,31000,044-612260,14.9949845,103.1126088,https://www.brpoly.ac.th
117,1331026101,วิทยาลัยเทคนิคคูเมือง,บุรีรัมย์,ภาคตะวันออกเฉียงเหนือ,วิทยาลัยเทคนิค,299,10,,บุรีรัมย์-พุทไธสง,คูเมือง,คูเมือง,บุรีรัมย์,31190,044-699255,15.25884413,103.0035096,http://www.kutc.ac.th
118,1331046401,วิทยาลัยเทคนิคนางรอง,บุรีรัมย์,ภาคตะวันออกเฉียงเหนือ,วิทยาลัยเทคนิค,1,,,บ้านเก่า-แพงพวย,นางรอง,นางรอง,บุรีรัมย์,31110,0-44631556,14.6420939,102.7994333,http://www.nrtech.ac.th
119,1331066601,วิทยาลัยการอาชีพโนนดินแดง,บุรีรัมย์,ภาคตะวันออกเฉียงเหนือ,วิทยาลัยการอาชีพ,145,9,ไม่มี,โนนดินแดง - ตาพระยา,โนนดินแดง,โนนดินแดง,บุรีรัมย์,31260,081-999-7513,14.303737,102.761407,http://www.nctm.ac.th
120,1331076401,วิทยาลัยการอาชีพประโคนชัย,บุรีรัมย์,ภาคตะวันออกเฉียงเหนือ,วิทยาลัยการอาชีพ,199,4,,บุรีรัมย์-ประโคนชัย,บ้านไทร,ประโคนชัย,บุรีรัมย์,31140,44634708,14.669827,103.053238,http://www.pkiec.ac.th
121,1331106401,วิทยาลัยการอาชีพลำปลายมาศ,บุรีรัมย์,ภาคตะวันออกเฉียงเหนือ,วิทยาลัยการอาชีพ,169,5,,,หนองกะทิง,ลำปลายมาศ,บุรีรัมย์,31130,44119759,,,
122,1331116401,วิทยาลัยการอาชีพสตึก,บุรีรัมย์,ภาคตะวันออกเฉียงเหนือ,วิทยาลัยการอาชีพ,100,23,,บุรีรัมย์-มหาสารคาม,นิคม,สตึก,บุรีรัมย์,31150,0-44680114,15.275451,103.273495,http://www.sticc.ac.th
123,1332016101,วิทยาลัยเทคนิคสุรินทร์,สุรินทร์,ภาคตะวันออกเฉียงเหนือ,วิทยาลัยเทคนิค,346,,,หลักเมือง,ในเมือง,เมืองสุรินทร์,สุรินทร์,32000,044-511190 ต่อ 107,14.8780821,103.5009326,http://www.surintech.ac.th
124,1332016201,วิทยาลัยอาชีวศึกษาสุรินทร์,สุรินทร์,ภาคตะวันออกเฉียงเหนือ,วิทยาลัยอาชีวศึกษา,426,,,เทศบาล1,ในเมือง,เมืองสุรินทร์,สุรินทร์,32000,044-511191,14.8803482,103.5032083,http://www.srvc.ac.th
125,1332016501,วิทยาลัยสารพัดช่างสุรินทร์,สุรินทร์,ภาคตะวันออกเฉียงเหนือ,วิทยาลัยสารพัดช่าง,778,20,0,,นอกเมือง,เมืองสุรินทร์,สุรินทร์,32000,44514414,14.86206019,103.48338,http://www.srpoly.ac.th
126,1332036401,วิทยาลัยการอาชีพท่าตูม,สุรินทร์,ภาคตะวันออกเฉียงเหนือ,วิทยาลัยการอาชีพ,405,7,,ปัทมานนท์,ท่าตูม,ท่าตูม,สุรินทร์,32120,44591769,15.298953,103.666306,http://www.thatum.ac.th
127,1332056401,วิทยาลัยการอาชีพปราสาท,สุรินทร์,ภาคตะวันออกเฉียงเหนือ,วิทยาลัยการอาชีพ,221,5,,โชคชัย-เดชอุดม,ปรือ,ปราสาท,สุรินทร์,32140,44551209,14.652683,103.358002,http://www.prasat.ac.th
128,1332076601,วิทยาลัยเทคนิครัตนบุรี,สุรินทร์,ภาคตะวันออกเฉียงเหนือ,วิทยาลัยเทคนิค,149,15,,รัตนบุรี-ศีขรภูมิ,รัตนบุรี,รัตนบุรี,สุรินทร์,32130,044-598976,15.306648,103.847239,http://www.rbtech.ac.th
129,1332096401,วิทยาลัยการอาชีพศีขรภูมิ,สุรินทร์,ภาคตะวันออกเฉียงเหนือ,วิทยาลัยการอาชีพ,20,1,,สุรินทร์-ศรีสะเกษ,ระแงง,ศีขรภูมิ,สุรินทร์,32110,44560120,14.9447723,103.8086021,http://www.spicc.ac.th
130,1332106401,วิทยาลัยการอาชีพสังขะ,สุรินทร์,ภาคตะวันออกเฉียงเหนือ,วิทยาลัยการอาชีพ,49,7,,โชคชัย-เดชอุดม,บ้านชบ,สังขะ,สุรินทร์,32150,44571078,14.6240415,103.822711,http://www.sangkhaicec.ac.th
131,1333016101,วิทยาลัยเทคนิคศรีสะเกษ,ศรีสะเกษ,ภาคตะวันออกเฉียงเหนือ,วิทยาลัยเทคนิค,319,8,,,หนองครก,เมืองศรีสะเกษ,ศรีสะเกษ,33000,45631369,15.108907,104.319742,http://www.newweb.sisat.ac.th
132,1333016301,วิทยาลัยเกษตรและเทคโนโลยีศรีสะเกษ,ศรีสะเกษ,ภาคตะวันออกเฉียงเหนือ,วิทยาลัยเกษตรและเทคโนโลยี,91,8,,กสิกรรม,หนองครก,เมืองศรีสะเกษ,ศรีสะเกษ,33000,45612934,15.106977,104.314111,http://www.sskcat.ac.th/
133,1333016401,วิทยาลัยการอาชีพศรีสะเกษ,ศรีสะเกษ,ภาคตะวันออกเฉียงเหนือ,วิทยาลัยการอาชีพ,358,8,,กสิกรรม,หนองครก,เมืองศรีสะเกษ,ศรีสะเกษ,33000,45611991,15.1069039,104.3154776,http://www.sicc.ac.th
134,1333016501,วิทยาลัยสารพัดช่างศรีสะเกษ,ศรีสะเกษ,ภาคตะวันออกเฉียงเหนือ,วิทยาลัยสารพัดช่าง,65,,,เทพา,เมืองเหนือ,เมืองศรีสะเกษ,ศรีสะเกษ,33000,45611899,15.1206219,104.3289445,http://www.sipotec.ac.th
135,1333036601,วิทยาลัยเทคนิคกันทรารมย์,ศรีสะเกษ,ภาคตะวันออกเฉียงเหนือ,วิทยาลัยเทคนิค,70,6,ไม่มี,ไม่มี,ดูน,กันทรารมย์,ศรีสะเกษ,33130,45651641,15.103834,104.5859515,http://www.krtc.ac.th
136,1333046401,วิทยาลัยเทคนิคกันทรลักษ์,ศรีสะเกษ,ภาคตะวันออกเฉียงเหนือ,วิทยาลัยเทคนิค,82,1,,กันทรลักษ์-กันทรารมย์,จานใหญ่,กันทรลักษ์,ศรีสะเกษ,33110,045-811053,14.754043,104.65807,http://www.ktltc.ac.th
137,1333056401,วิทยาลัยการอาชีพขุขันธ์,ศรีสะเกษ,ภาคตะวันออกเฉียงเหนือ,วิทยาลัยการอาชีพ,119,6,กลาง,,หนองฉลอง,ขุขันธ์,ศรีสะเกษ,33140,0 4582 6455,14.66131,104.22262,http://www.khice.ac.th
138,1333086401,วิทยาลัยการอาชีพขุนหาญ,ศรีสะเกษ,ภาคตะวันออกเฉียงเหนือ,วิทยาลัยการอาชีพ,153,8,,ขุนหาญ-สำโรงเกียรติ,สิ,ขุนหาญ,ศรีสะเกษ,33150,0-45826363,14.5961488,104.4359913,http://www.khicec.ac.th
139,1333096601,วิทยาลัยเทคนิคราษีไศล,ศรีสะเกษ,ภาคตะวันออกเฉียงเหนือ,วิทยาลัยเทคนิค,98,3,,,ดู่,ราษีไศล,ศรีสะเกษ,33160,933277908,15.378423,104.157624,http://www.rstech.ac.th/
140,1334016101,วิทยาลัยเทคนิคอุบลราชธานี,อุบลราชธานี,ภาคตะวันออกเฉียงเหนือ,วิทยาลัยเทคนิค,5,,,แจ้งสนิท,ในเมือง,เมืองอุบลราชธานี,อุบลราชธานี,34000,045-240577,15.2416967,104.8454583,http://www.utc.ac.th
141,1334016201,วิทยาลัยอาชีวศึกษาอุบลราชธานี,อุบลราชธานี,ภาคตะวันออกเฉียงเหนือ,วิทยาลัยอาชีวศึกษา,410,,,พรหมราช,ในเมือง,เมืองอุบลราชธานี,อุบลราชธานี,34000,656516577,15.22560159,104.8561898,http://www.uvc.ac.th
142,1334016301,วิทยาลัยเกษตรและเทคโนโลยีอุบลราชธานี,อุบลราชธานี,ภาคตะวันออกเฉียงเหนือ,วิทยาลัยเกษตรและเทคโนโลยี,117,7,,แจ้งสนิท,หนองขอน,เมืองอุบลราชธานี,อุบลราชธานี,34000,45252806,15.311806,104.713167,http://www.uboncat.ac.th
143,1334016501,วิทยาลัยเทคนิคนครอุบลราชธานี,อุบลราชธานี,ภาคตะวันออกเฉียงเหนือ,วิทยาลัยเทคนิค,35,0,,จงกลนิธารณ์,ในเมือง,เมืองอุบลราชธานี,อุบลราชธานี,34000,45244754,15.2303152,104.8508549,http://www.sarapadchangubon.ac.th
144,1334056401,วิทยาลัยเทคนิคเขมราฐ,อุบลราชธานี,ภาคตะวันออกเฉียงเหนือ,วิทยาลัยเทคนิค,128 หมู่ 5,5,,บ้านคึมพอก-บ้านนาเจริญ,หนองนกทา,เขมราฐ,อุบลราชธานี,34170,"045210500 ,081976772",15.990705,105.099678,http://www.km-tech.ac.th
145,1334076101,วิทยาลัยเทคนิคเดชอุดม,อุบลราชธานี,ภาคตะวันออกเฉียงเหนือ,วิทยาลัยเทคนิค,377,30,,โชคชัย-เดชอุดม,เมืองเดช,เดชอุดม,อุบลราชธานี,34160,45249050,14.90453523,105.0362753,http://www.dtec.ac.th
146,1334116401,วิทยาลัยเทคนิคตระการพืชผล,อุบลราชธานี,ภาคตะวันออกเฉียงเหนือ,วิทยาลัยเทคนิค,11,10,,อุบล-ตระการ กม.40,เซเป็ด,ตระการพืชผล,อุบลราชธานี,34130,045-427532,15.573435,104.999771,http://www.tkc.ac.th
147,1334116601,วิทยาลัยเทคนิคพิบูลมังสาหาร,อุบลราชธานี,ภาคตะวันออกเฉียงเหนือ,วิทยาลัยเทคนิค,188,4,,,กุดชมภู,พิบูลมังสาหาร,อุบลราชธานี,34110,045-442055,15.235222,105.24794,http://www.pmtc.ac.th
148,1334156401,วิทยาลัยการอาชีพวารินชำราบ,อุบลราชธานี,ภาคตะวันออกเฉียงเหนือ,วิทยาลัยการอาชีพ,187,7,,,แสนสุข,วารินชำราบ,อุบลราชธานี,34190,045-854086,15.1561155,104.8475809,http://www.warinice.ac.th
149,1335016101,วิทยาลัยเทคนิคยโสธร,ยโสธร,ภาคตะวันออกเฉียงเหนือ,วิทยาลัยเทคนิค,96,1,,ยโสธร-สุวรรณภูมิ,สำราญ,เมืองยโสธร,ยโสธร,35000,045-756701,15.8113965,104.126123,http://www.yt.ac.th
150,1335066301,วิทยาลัยเกษตรและเทคโนโลยียโสธร,ยโสธร,ภาคตะวันออกเฉียงเหนือ,วิทยาลัยเกษตรและเทคโนโลยี,173,2,,คำเขื่อนแก้ว-มหาชนะชัย,บากเรือ,มหาชนะชัย,ยโสธร,35130,45756616,15.546846,104.283958,http://www.kasetyaso.ac.th
151,1335086401,วิทยาลัยเทคนิคเลิงนกทา,ยโสธร,ภาคตะวันออกเฉียงเหนือ,วิทยาลัยเทคนิค,285,1,,สวาท-หนองแสง,สวาท,เลิงนกทา,ยโสธร,35120,0 4578 1804,104.515212,16.187887,http://www.licec.ac.th
152,1336016101,วิทยาลัยเทคนิคชัยภูมิ,ชัยภูมิ,ภาคตะวันออกเฉียงเหนือ,วิทยาลัยเทคนิค,260,4,,องค์การบริหารส่วนจังหวัดสาย2,ในเมือง,เมืองชัยภูมิ,ชัยภูมิ,36000,044812075-6,15.812322,102.016125,http://www.ccollege.ac.th
153,1336016301,วิทยาลัยเกษตรและเทคโนโลยีชัยภูมิ,ชัยภูมิ,ภาคตะวันออกเฉียงเหนือ,วิทยาลัยเกษตรและเทคโนโลยี,115,8,,นิเวศรัตน์,ในเมือง,เมืองชัยภูมิ,ชัยภูมิ,36000,44811160,102.041874,15.82281,http://www.ccat.ac.th
154,1336016501,วิทยาลัยอาชีวศึกษาเมืองชัยภูมิ,ชัยภูมิ,ภาคตะวันออกเฉียงเหนือ,วิทยาลัยอาชีวศึกษา,380ก,,,โนนม่วง,ในเมือง,เมืองชัยภูมิ,ชัยภูมิ,36000,44812083,15.8076801,102.0281906,http://main.cpmpoly.ac.th
155,1336076401,วิทยาลัยการอาชีพบำเหน็จณรงค์,ชัยภูมิ,ภาคตะวันออกเฉียงเหนือ,วิทยาลัยการอาชีพ,1,15,,บำเหน็จณรงค์-ซับใหญ่,บ้านชวน,บำเหน็จณรงค์,ชัยภูมิ,36160,080-0066021,15.5210951,101.6725529,http://www.bamnet.ac.th
156,1336126401,วิทยาลัยการอาชีพแก้งคร้อ,ชัยภูมิ,ภาคตะวันออกเฉียงเหนือ,วิทยาลัยการอาชีพ,189,3,,ชัยภูมิ-ชุมแพ,ช่องสามหมอ,แก้งคร้อ,ชัยภูมิ,36150,0-44882239,16.0857707,102.2691045,http://www.kec.ac.th
157,1337016101,วิทยาลัยเทคนิคอำนาจเจริญ,อำนาจเจริญ,ภาคตะวันออกเฉียงเหนือ,วิทยาลัยเทคนิค,135,9,,ชยางกูร,นาผือ,เมืองอำนาจเจริญ,อำนาจเจริญ,37000,45989660,15.9478869,104.6283824,http://www.ant.ac.th
158,1337066401,วิทยาลัยเทคนิคหัวตะพาน,อำนาจเจริญ,ภาคตะวันออกเฉียงเหนือ,วิทยาลัยเทคนิค,53,3,,หัวตะพาน-บ้านขมิ้น,หนองแก้ว,หัวตะพาน,อำนาจเจริญ,37240,045-989658,15.692597,104.5595244,http://www.h-tech.ac.th
159,1338036401,วิทยาลัยเทคนิคบึงกาฬ,บึงกาฬ,ภาคตะวันออกเฉียงเหนือ,วิทยาลัยเทคนิค,101,4,,แสนประเสริฐ-นาป่าน,วิศิษฐ์,เมืองบึงกาฬ,บึงกาฬ,38000,42491639,18.3598699,103.6229753,http://www.bk-tech.ac.th
160,1338096401,วิทยาลัยเทคนิคเซกา,บึงกาฬ,ภาคตะวันออกเฉียงเหนือ,วิทยาลัยเทคนิค,99,4,,เซกา-อากาศอำนวย,ซาง,เซกา,บึงกาฬ,38150,042-490-644,17.89414,103.952566,http://www.seka-tech.ac.th
161,1339016101,วิทยาลัยเทคนิคหนองบัวลำภู,หนองบัวลำภู,ภาคตะวันออกเฉียงเหนือ,วิทยาลัยเทคนิค,102,3,,เทศบาล - หนองหว้า,โพธิ์ชัย,เมืองหนองบัวลำภู,หนองบัวลำภู,39000,042-312-753,17.189918,102.406788,http://www.nbtc.ac.th
162,1339046401,วิทยาลัยการอาชีพศรีบุญเรือง,หนองบัวลำภู,ภาคตะวันออกเฉียงเหนือ,วิทยาลัยการอาชีพ,142,10,,,ศรีบุญเรือง,ศรีบุญเรือง,หนองบัวลำภู,39180,042-353732,16.9470285,102.24605,http://www.sbr.ac.th
163,1340016101,วิทยาลัยเทคนิคขอนแก่น,ขอนแก่น,ภาคตะวันออกเฉียงเหนือ,วิทยาลัยเทคนิค,67,4,,ศรีจันทร์,ในเมือง,เมืองขอนแก่น,ขอนแก่น,40000,43221290,16.428388,102.847499,http://www.kktech.ac.th
164,1340016201,วิทยาลัยอาชีวศึกษาขอนแก่น,ขอนแก่น,ภาคตะวันออกเฉียงเหนือ,วิทยาลัยอาชีวศึกษา,1-ม.ค.,,,หลังเมือง,ในเมือง,เมืองขอนแก่น,ขอนแก่น,40000,43236538,16.437473,102.838957,http://www.kvc.ac.th
165,1340016501,วิทยาลัยเทคนิคนครขอนแก่น,ขอนแก่น,ภาคตะวันออกเฉียงเหนือ,วิทยาลัยเทคนิค,316,18,,มิตรภาพ,ท่าพระ,เมืองขอนแก่น,ขอนแก่น,40260,43262085,16.330322,102.799506,http://www.n-tech.ac.th
166,1340046301,วิทยาลัยเทคโนโลยีเกษตรอุตสาหกรรมชั้นสูงขอนแก่น,ขอนแก่น,ภาคตะวันออกเฉียงเหนือ,วิทยาลัยเกษตรและเทคโนโลยี,195,7,,ภูเวียง-กุดฉิม,โนนทัน,หนองเรือ,ขอนแก่น,40210,043 424 570,16.4957971,102.4035581,-
167,1340056401,วิทยาลัยเทคนิคชุมแพ,ขอนแก่น,ภาคตะวันออกเฉียงเหนือ,วิทยาลัยเทคนิค,271,14,,แพงไท,หนองไผ่,ชุมแพ,ขอนแก่น,40130,043-311020,16.5609673,102.0942146,http://www.chumphae.ac.th
168,1340076101,วิทยาลัยเทคนิคน้ำพอง,ขอนแก่น,ภาคตะวันออกเฉียงเหนือ,วิทยาลัยเทคนิค,486,4,,หินกอง-หนองอ้อ,น้ำพอง,น้ำพอง,ขอนแก่น,40310,43441804,16.7401194,102.7958301,http://www.ntckk.ac.th
169,1340096401,วิทยาลัยการอาชีพกระนวน,ขอนแก่น,ภาคตะวันออกเฉียงเหนือ,วิทยาลัยการอาชีพ,6,6,,กระนวน-น้ำพอง,หนองโน,กระนวน,ขอนแก่น,40170,0-43923044,16.69525,103.01865,http://www.kic.ac.th
170,1340106401,วิทยาลัยการอาชีพบ้านไผ่,ขอนแก่น,ภาคตะวันออกเฉียงเหนือ,วิทยาลัยการอาชีพ,113,2,,,หนองน้ำใส,บ้านไผ่,ขอนแก่น,40110,0-43272129,16.034554,102.741489,http://www.bpic.ac.th
171,1340126401,วิทยาลัยการอาชีพพล,ขอนแก่น,ภาคตะวันออกเฉียงเหนือ,วิทยาลัยการอาชีพ,203,3,,มิตรภาพ-โคกสี,โนนข่า,พล,ขอนแก่น,40120,043-416020,15.7624927,102.5998793,http://www.Pholiac.ac.th
172,1340156601,วิทยาลัยการอาชีพหนองสองห้อง,ขอนแก่น,ภาคตะวันออกเฉียงเหนือ,วิทยาลัยการอาชีพ,228,8,,หนองสองห้อง-บ้านกุดหอยกาบ,หนองสองห้อง,หนองสองห้อง,ขอนแก่น,40190,43306660,15.72334,102.764439,http://www.nhtech.ac.th
173,1340176301,วิทยาลัยเกษตรและเทคโนโลยีขอนแก่น,ขอนแก่น,ภาคตะวันออกเฉียงเหนือ,วิทยาลัยเกษตรและเทคโนโลยี,176,7,0,แจ้งสนิท,กุดเค้า,มัญจาคีรี,ขอนแก่น,40160,43009772,16.091591,102.552117,http://www.kkcat.ac.th
174,1340186401,วิทยาลัยการอาชีพขอนแก่น,ขอนแก่น,ภาคตะวันออกเฉียงเหนือ,วิทยาลัยการอาชีพ,172,3,,แจ้งสนิท,ชนบท,ชนบท,ขอนแก่น,40180,043-286218 ต่อ 145,16.0915411,102.608227,http://www.kknic.ac.th/web2019/
175,1341016101,วิทยาลัยเทคนิคอุดรธานี,อุดรธานี,ภาคตะวันออกเฉียงเหนือ,วิทยาลัยเทคนิค,3,,,วัฒนานุวงศ์,หมากแข้ง,เมืองอุดรธานี,อุดรธานี,41000,42221538,17.4160049,102.7887514,http://www.udontech.ac.th
176,1341016102,วิทยาลัยเทคนิคกาญจนาภิเษกอุดรธานี,อุดรธานี,ภาคตะวันออกเฉียงเหนือ,วิทยาลัยเทคนิค,7,1,,อุดร-ขอนแก่น,หนองไผ่,เมืองอุดรธานี,อุดรธานี,41330,0-4229-5547,102.887049,17.259105,http://www.kutcudon.ac.th
177,1341016201,วิทยาลัยอาชีวศึกษาอุดรธานี,อุดรธานี,ภาคตะวันออกเฉียงเหนือ,วิทยาลัยอาชีวศึกษา,8,,,โพศรี,หมากแข้ง,เมืองอุดรธานี,อุดรธานี,41000,42246690,17.4099611,102.7793581,http://www.udvc.ac.th
178,1341016301,วิทยาลัยเกษตรและเทคโนโลยีอุดรธานี,อุดรธานี,ภาคตะวันออกเฉียงเหนือ,วิทยาลัยเกษตรและเทคโนโลยี,230,11,,มิตรภาพ-ดงเจริญ,กุดสระ,เมืองอุดรธานี,อุดรธานี,41000,42266103,17.471716,102.8100609,http://www.udcat.ac.th
179,1341016501,วิทยาลัยสารพัดช่างอุดรธานี,อุดรธานี,ภาคตะวันออกเฉียงเหนือ,วิทยาลัยสารพัดช่าง,137,,,อำเภอ,หมากแข้ง,เมืองอุดรธานี,อุดรธานี,41000,42221170,17.3974227,102.7884625,http://www.uptech.ac.th
180,1341046401,วิทยาลัยการอาชีพกุมภวาปี,อุดรธานี,ภาคตะวันออกเฉียงเหนือ,วิทยาลัยการอาชีพ,301,1,,มิตรภาพ อุดร-ขอนแก่น,ปะโค,กุมภวาปี,อุดรธานี,41370, 042-339744,17.1165834,102.9424702,http://www.kpic.ac.th/
181,1341066401,วิทยาลัยการอาชีพหนองหาน,อุดรธานี,ภาคตะวันออกเฉียงเหนือ,วิทยาลัยการอาชีพ,572,19,,หนองหาน-กุมภาวปี,หนองหาน,หนองหาน,อุดรธานี,41130,042-261289,17.351551,103.105754,http://www.nonghan.ac.th
182,1341176401,วิทยาลัยการอาชีพบ้านผือ,อุดรธานี,ภาคตะวันออกเฉียงเหนือ,วิทยาลัยการอาชีพ,417 หมู่ที่ 1,,,บริบาลภูมิเขตต์,บ้านผือ,บ้านผือ,อุดรธานี,41160,042-282133,17.6760237,102.4719097,http://www.bec.ac.th
183,1341196201,วิทยาลัยการอาชีพอุดรธานี,อุดรธานี,ภาคตะวันออกเฉียงเหนือ,วิทยาลัยการอาชีพ,88,14,,มิตรภาพ(อุดร-หนองคาย),เชียงหวาง,เพ็ญ,อุดรธานี,41150,42219967,17.6645739,102.9435536,http://www.udcbat.ac.th
184,1342016101,วิทยาลัยเทคนิคเลย,เลย,ภาคตะวันออกเฉียงเหนือ,วิทยาลัยเทคนิค,272,,,เจริญรัฐ,กุดป่อง,เมืองเลย,เลย,42000,0-4281-1591,17.473746,101.729489,https://www.loeitech.ac.th
185,1342016201,วิทยาลัยอาชีวศึกษาเลย,เลย,ภาคตะวันออกเฉียงเหนือ,วิทยาลัยอาชีวศึกษา,1-มิ.ย.,,,ชุมสาย,กุดป่อง,เมืองเลย,เลย,42000,42812395,17.4872346,101.7317973,http://www.lvc.ac.th
186,1342056401,วิทยาลัยการอาชีพด่านซ้าย,เลย,ภาคตะวันออกเฉียงเหนือ,วิทยาลัยการอาชีพ,231,1,,เลย-ด่านซ้าย,โคกงาม,ด่านซ้าย,เลย,42120,42078124,17.359101,101.25443,http://www.dansai.ac.th
187,1342096401,วิทยาลัยการอาชีพวังสะพุง,เลย,ภาคตะวันออกเฉียงเหนือ,วิทยาลัยการอาชีพ,188,3,,ปากปวน-บ้านโนนสว่าง,ปากปวน,วังสะพุง,เลย,42130,42810261,17.356451,101.7409946,http://www.wic.ac.th
188,1343016101,วิทยาลัยเทคนิคหนองคาย,หนองคาย,ภาคตะวันออกเฉียงเหนือ,วิทยาลัยเทคนิค,306,5,,มิตรภาพ,โพธิ์ชัย,เมืองหนองคาย,หนองคาย,43000,42411776,17.911058,102.793879,http://www.nktc.ac.th
189,1343016102,วิทยาลัยการอาชีพหนองคาย,หนองคาย,ภาคตะวันออกเฉียงเหนือ,วิทยาลัยการอาชีพ,174/1,1,2,แก้ววรวุฒิ,มีชัย,เมืองหนองคาย,หนองคาย,43000,042-411245,17.876472,102.718973,https://nbitech1.wordpress.com
190,1343016201,วิทยาลัยอาชีวศึกษาหนองคาย,หนองคาย,ภาคตะวันออกเฉียงเหนือ,วิทยาลัยอาชีวศึกษา,240,1,ประมง,มิตรภาพหนองคาย-อุดรธานี,หนองกอมเกาะ,เมืองหนองคาย,หนองคาย,43000,042-422715-6,17.8601157,102.7414169,http://www.nkvc.ac.th
191,1344016101,วิทยาลัยเทคนิคมหาสารคาม,มหาสารคาม,ภาคตะวันออกเฉียงเหนือ,วิทยาลัยเทคนิค,460,,,นครสวรรค์,ตลาด,เมืองมหาสารคาม,มหาสารคาม,44000,43711403,16.1880172,103.2971602,http://www.mtc.ac.th
192,1344016201,วิทยาลัยอาชีวศึกษามหาสารคาม,มหาสารคาม,ภาคตะวันออกเฉียงเหนือ,วิทยาลัยอาชีวศึกษา,579,,,นครสวรรค์,ตลาด,เมืองมหาสารคาม,มหาสารคาม,44000,43711371,16.1786202,103.3126281,http://www.mvc.ac.th
193,1344016301,วิทยาลัยเกษตรและเทคโนโลยีมหาสารคาม,มหาสารคาม,ภาคตะวันออกเฉียงเหนือ,วิทยาลัยเกษตรและเทคโนโลยี,147,17,,แจ้งสนิท,เขวา,เมืองมหาสารคาม,มหาสารคาม,44000,043-750436,16.1425157,103.4139479,http://www.mcat.ac.th
194,1344016501,วิทยาลัยการอาชีพมหาสารคาม,มหาสารคาม,ภาคตะวันออกเฉียงเหนือ,วิทยาลัยการอาชีพ,84,6,,แจ้งสนิท,แก่งเลิงจาน,เมืองมหาสารคาม,มหาสารคาม,44000,043-971203,16.13917,103.251873,http://www.mpc.ac.th
195,1344086401,วิทยาลัยการอาชีพพยัคฆภูมิพิสัย,มหาสารคาม,ภาคตะวันออกเฉียงเหนือ,วิทยาลัยการอาชีพ,57,6,,อรุณประเสริฐ,ก้ามปู,พยัคฆภูมิพิสัย,มหาสารคาม,44110,43750561,15.51903,103.24698,http://www.ppice.ac.th
196,1344096401,วิทยาลัยเทคนิควาปีปทุม,มหาสารคาม,ภาคตะวันออกเฉียงเหนือ,วิทยาลัยเทคนิค,142,7,,วาปี-จตุรพักตรพิมาน,หนองแสง,วาปีปทุม,มหาสารคาม,44120,43798380,15.8366454,103.3958814,http://hwapi-tech.ac.th
197,1345016101,วิทยาลัยเทคนิคร้อยเอ็ด,ร้อยเอ็ด,ภาคตะวันออกเฉียงเหนือ,วิทยาลัยเทคนิค,210,,,เทวาภิบาล,ในเมือง,เมืองร้อยเอ็ด,ร้อยเอ็ด,45000,43511290,16.05197926,103.6563056,http://www.retc.ac.th
198,1345016201,วิทยาลัยอาชีวศึกษาร้อยเอ็ด,ร้อยเอ็ด,ภาคตะวันออกเฉียงเหนือ,วิทยาลัยอาชีวศึกษา,115,1,0,สุริยเดชบำรุง,ในเมือง,เมืองร้อยเอ็ด,ร้อยเอ็ด,45000,043-511430,16.059341,103.653688,http://www.rvc.ac.th
199,1345016401,วิทยาลัยการอาชีพร้อยเอ็ด,ร้อยเอ็ด,ภาคตะวันออกเฉียงเหนือ,วิทยาลัยการอาชีพ,177,,,รณชัยชาญยุทธ,ในเมือง,เมืองร้อยเอ็ด,ร้อยเอ็ด,45000,43513862,16.04869,103.659106,http://www.roiet-icec.ac.th
200,1345026401,วิทยาลัยเทคนิคเกษตรวิสัย,ร้อยเอ็ด,ภาคตะวันออกเฉียงเหนือ,วิทยาลัยเทคนิค,231,3,,,เมืองบัว,เกษตรวิสัย,ร้อยเอ็ด,45150,43589119,15.6278841,103.5575336,http://www.kaset.ac.th
201,1345066301,วิทยาลัยเกษตรและเทคโนโลยีร้อยเอ็ด,ร้อยเอ็ด,ภาคตะวันออกเฉียงเหนือ,วิทยาลัยเกษตรและเทคโนโลยี,235,4,,แจ้งสนิท,นิเวศน์,ธวัชบุรี,ร้อยเอ็ด,45170,43569117,16.047891,103.726951,http://www.rcat.ac.th
202,1345066401,วิทยาลัยการอาชีพพนมไพร,ร้อยเอ็ด,ภาคตะวันออกเฉียงเหนือ,วิทยาลัยการอาชีพ,73,1,,บ้านเจริญศิลป์-หนองทัพไทย,สระแก้ว,พนมไพร,ร้อยเอ็ด,45140,43590272,15.6867282,104.074386,http://www.piacec.ac.th
203,1345076401,วิทยาลัยการอาชีพโพนทอง,ร้อยเอ็ด,ภาคตะวันออกเฉียงเหนือ,วิทยาลัยการอาชีพ,60,11,,โพนทอง-หนองพอก,แวง,โพนทอง,ร้อยเอ็ด,45110,43571144,16.2987009,103.9920341,http://www.pticec.ac.th
204,1345116101,วิทยาลัยเทคนิคสุวรรณภูมิ,ร้อยเอ็ด,ภาคตะวันออกเฉียงเหนือ,วิทยาลัยเทคนิค,152,3,,อรุณประเสริฐ,หินกอง,สุวรรณภูมิ,ร้อยเอ็ด,45130,43556399,15.647503,103.706474,http://www.swtc.ac.th
205,1346016101,วิทยาลัยเทคนิคกาฬสินธุ์,กาฬสินธุ์,ภาคตะวันออกเฉียงเหนือ,วิทยาลัยเทคนิค,15,1,,อรรถเปศล,กาฬสินธุ์,เมืองกาฬสินธุ์,กาฬสินธุ์,46000,43811782,16.4289946,103.5099656,http://www.ktc.ac.th
206,1346016501,วิทยาลัยการอาชีพกาฬสินธุ์,กาฬสินธุ์,ภาคตะวันออกเฉียงเหนือ,วิทยาลัยการอาชีพ,65,,,สนามบิน,กาฬสินธุ์,เมืองกาฬสินธุ์,กาฬสินธุ์,46000,43812101,16.41764682,103.5165606,http://www.kpc.ac.th
207,1346066102,วิทยาลัยเทคนิคเขาวง,กาฬสินธุ์,ภาคตะวันออกเฉียงเหนือ,วิทยาลัยเทคนิค,88/8,11,,เขาวง-กุฉินารายณ์,กุดสิมคุ้มใหม่,เขาวง,กาฬสินธุ์,46160,0-4385-9251,16.759838,104.070311,http://www.kwtc.ac.th
208,1346106401,วิทยาลัยการอาชีพคำม่วง,กาฬสินธุ์,ภาคตะวันออกเฉียงเหนือ,วิทยาลัยการอาชีพ,317,3,,227กาฬสินธุ์-วังสามหมอ,ทุ่งคลอง,คำม่วง,กาฬสินธุ์,46180,0-864505992,16.9072678,103.5997379,http://www.km.ac.th
209,1346126401,วิทยาลัยการอาชีพหนองกุงศรี,กาฬสินธุ์,ภาคตะวันออกเฉียงเหนือ,วิทยาลัยการอาชีพ,25,2,,ห้วยเม็ก-ท่าคันโท,ลำหนองแสน,หนองกุงศรี,กาฬสินธุ์,46220,043840762-3,16.6912934,103.2766164,http://www.nks.ac.th
210,1346146401,วิทยาลัยการอาชีพห้วยผึ้ง,กาฬสินธุ์,ภาคตะวันออกเฉียงเหนือ,วิทยาลัยการอาชีพ,10,8,,นาคู-นิคมห้วยผึ้ง,นิคมห้วยผึ้ง,ห้วยผึ้ง,กาฬสินธุ์,46240,0-43869222,16.6541854,103.9112171,http://www.hpicec.net
211,1347016101,วิทยาลัยเทคนิคสกลนคร,สกลนคร,ภาคตะวันออกเฉียงเหนือ,วิทยาลัยเทคนิค,219,,,นิตโย,ธาตุเชิงชุม,เมืองสกลนคร,สกลนคร,47000,42970165,17.1952426,104.0884048,http://www.techsakon.ac.th
212,1347016501,วิทยาลัยอาชีวศึกษาสกลนคร,สกลนคร,ภาคตะวันออกเฉียงเหนือ,วิทยาลัยอาชีวศึกษา,448,,,สกลนคร-นาแก,ธาตุเชิงชุม,เมืองสกลนคร,สกลนคร,47000,42971136,17.130349,104.134306,http://www.snkvc.ac.th
213,1347046401,วิทยาลัยการอาชีพพรรณานิคม,สกลนคร,ภาคตะวันออกเฉียงเหนือ,วิทยาลัยการอาชีพ,58,6,,สูงเนิน-อากาศอำนวย,สว่าง,พรรณานิคม,สกลนคร,47130,042-707617,17.332131,103.9812055,http://www.phannanikhom.ac.th
214,1347126401,วิทยาลัยเทคนิคสว่างแดนดิน,สกลนคร,ภาคตะวันออกเฉียงเหนือ,วิทยาลัยเทคนิค,784,11,,อุดมธรรมภักดี,สว่างแดนดิน,สว่างแดนดิน,สกลนคร,47110,42721991,17.481591,103.46004,http://www.swicec.ac.th
215,1348016501,วิทยาลัยเทคนิคนครพนม,นครพนม,ภาคตะวันออกเฉียงเหนือ,วิทยาลัยเทคนิค,270,,,เฟื่องนคร,ในเมือง,เมืองนครพนม,นครพนม,48000,42512434,17.4013696,104.7785315,http://www.nkptc.ac.th
216,1348026401,วิทยาลัยการอาชีพวัดโฆสมังคลาราม,นครพนม,ภาคตะวันออกเฉียงเหนือ,วิทยาลัยการอาชีพ,124,2,,,โคกสว่าง,ปลาปาก,นครพนม,48160,42199541,17.121706,104.451675,http://www.wksvec.ac.th
217,1348046101,วิทยาลัยเทคนิคบ้านแพง,นครพนม,ภาคตะวันออกเฉียงเหนือ,วิทยาลัยเทคนิค,367,2,,,บ้านแพง,บ้านแพง,นครพนม,48140,042-591-448,17.953314,104.2014314,http://www.bpt.ac.th
218,1348076401,วิทยาลัยการอาชีพนาแก,นครพนม,ภาคตะวันออกเฉียงเหนือ,วิทยาลัยการอาชีพ,219,1,,หนองหอย-แขนนาง,นาคู่,นาแก,นครพนม,48130,042-530958,16.9739331,104.5244778,http://www.nkcc.ac.th
219,1349016401,วิทยาลัยการอาชีพนวมินทราชินีมุกดาหาร,มุกดาหาร,ภาคตะวันออกเฉียงเหนือ,วิทยาลัยการอาชีพ,68,6,,ห้าธันวามหาราช,มุกดาหาร,เมืองมุกดาหาร,มุกดาหาร,49000,42612965,16.56602779,104.690739,http://www.mec.ac.th
220,1349026401,วิทยาลัยการอาชีพนิคมคำสร้อย,มุกดาหาร,ภาคตะวันออกเฉียงเหนือ,วิทยาลัยการอาชีพ,119 หมู่ 1,1,,ชยางกูร,โชคชัย,นิคมคำสร้อย,มุกดาหาร,49130,42662564,16.334999,104.523832,http://www.nksc.ac.th
221,1349036601,วิทยาลัยการอาชีพดอนตาล,มุกดาหาร,ภาคตะวันออกเฉียงเหนือ,วิทยาลัยการอาชีพ,117,11,,ดอนตาล-ชานุมาน,ดอนตาล,ดอนตาล,มุกดาหาร,49120,42040178,161332,1045627,http://www.dtic.ac.th
222,1349056401,วิทยาลัยการอาชีพคำชะอี,มุกดาหาร,ภาคตะวันออกเฉียงเหนือ,วิทยาลัยการอาชีพ,,3,,,บ้านซ่ง ,คำชะอี ,มุกดาหาร,49110,,16.5887203,104.4477014,
223,1350016101,วิทยาลัยเทคนิคเชียงใหม่,เชียงใหม่,ภาคเหนือ,วิทยาลัยเทคนิค,9,,,เวียงแก้ว,ศรีภูมิ,เมืองเชียงใหม่,เชียงใหม่,50200,53217708,18.7933,98.9835,http://www.cmtc.ac.th
224,1350016201,วิทยาลัยอาชีวศึกษาเชียงใหม่,เชียงใหม่,ภาคเหนือ,วิทยาลัยอาชีวศึกษา,167,,,พระปกเกล้า,ศรีภูมิ,เมืองเชียงใหม่,เชียงใหม่,50200,53221493,18.7920936,98.9872067,http://www.cmvc.ac.th
225,1350016501,วิทยาลัยสารพัดช่างเชียงใหม่,เชียงใหม่,ภาคเหนือ,วิทยาลัยสารพัดช่าง,49,5,,ห้วยแก้ว,ช้างเผือก,เมืองเชียงใหม่,เชียงใหม่,50300,053-211592,18.8033525,98.9649235,http://www.cmpoly.ac.th
226,1350026401,วิทยาลัยการอาชีพจอมทอง,เชียงใหม่,ภาคเหนือ,วิทยาลัยการอาชีพ,619,15,,จอมทอง-อินทนนท์,ข่วงเปา,จอมทอง,เชียงใหม่,50160,53341872,18.460173,98.67429,http://www.cicec.ac.th
227,1350096401,วิทยาลัยการอาชีพฝาง,เชียงใหม่,ภาคเหนือ,วิทยาลัยการอาชีพ,199,11,,โชตนา,แม่สูน,ฝาง,เชียงใหม่,50110,0-53346819,19.8634305,99.1661811,http://www.fve.ac.th
228,1350126301,วิทยาลัยเกษตรและเทคโนโลยีเชียงใหม่,เชียงใหม่,ภาคเหนือ,วิทยาลัยเกษตรและเทคโนโลยี,249,11,1,อำนวยโยธา,บ้านกลาง,สันป่าตอง,เชียงใหม่,50120,0-5331-1392,18.58074427,98.87371182,http://www.cmcat.ac.th
229,1350136101,วิทยาลัยเทคนิคสันกำแพง,เชียงใหม่,ภาคเหนือ,วิทยาลัยเทคนิค,76,1,,เชียงใหม่-น้ำพุร้อนสันกำแพง,บ้านสหกรณ์,แม่ออน,เชียงใหม่,50130,053-929079,18.755151,99.229406,http://www.skptc.ac.th
230,1350196601,วิทยาลัยเทคนิคสารภี,เชียงใหม่,ภาคเหนือ,วิทยาลัยเทคนิค,139/7,5,,เชียงใหม่-ลำพูน,หนองผึ้ง,สารภี,เชียงใหม่,50140,53423301,18.7259744,99.0242268,http://www.srptc.ac.th
231,1351016101,วิทยาลัยเทคนิคลำพูน,ลำพูน,ภาคเหนือ,วิทยาลัยเทคนิค,42,1,0,ลำพูน-ป่าซาง,ในเมือง,เมืองลำพูน,ลำพูน,51000,53511073,18.5723576,98.9997131,http://www.ltc.ac.th
232,1351026301,วิทยาลัยเกษตรและเทคโนโลยีลำพูน,ลำพูน,ภาคเหนือ,วิทยาลัยเกษตรและเทคโนโลยี,99 ม.5,5,,เชียงใหม่-ลำปาง,ทาสบเส้า,แม่ทา,ลำพูน,51140,0-5300-6252,18.4886178,99.1290456,http://www.lcat.ac.th
233,1351036401,วิทยาลัยการอาชีพบ้านโฮ่ง,ลำพูน,ภาคเหนือ,วิทยาลัยการอาชีพ,239,3,,ป่าป๋วย-หนองเขียด,บ้านโฮ่ง,บ้านโฮ่ง,ลำพูน,51130,086-4311385,18.3030546,98.8041893,http://www.banhong.ac.th
234,1351066401,วิทยาลัยการอาชีพป่าซาง,ลำพูน,ภาคเหนือ,วิทยาลัยการอาชีพ,191,4,,ลำพูน-ทุ่งหัวช้าง,นครเจดีย์,ป่าซาง,ลำพูน,51120,053-555018,18.4073051,98.8699853,http://www.pasangic.ac.th
235,1352016101,วิทยาลัยเทคนิคลำปาง,ลำปาง,ภาคเหนือ,วิทยาลัยเทคนิค,15,,,ท่าคราวน้อย,สบตุ๋ย,เมืองลำปาง,ลำปาง,52100,54223006,18.2882099,99.4831676,http://www.lampangtc.ac.th
236,1352016201,วิทยาลัยอาชีวศึกษาลำปาง,ลำปาง,ภาคเหนือ,วิทยาลัยอาชีวศึกษา,272,,,พหลโยธิน,หัวเวียง,เมืองลำปาง,ลำปาง,52000,54217101,18.288049,99.504606,http://www.lampangvc.ac.th
237,1352016501,วิทยาลัยสารพัดช่างลำปาง,ลำปาง,ภาคเหนือ,วิทยาลัยสารพัดช่าง,551,1,ไม่มี,ไม่มี,พระบาท,เมืองลำปาง,ลำปาง,52000,54821567,18.2787596,99.51571807,http://www.lampangpoly.ac.th
238,1352026601,วิทยาลัยเทคนิค กฟผ. แม่เมาะ,ลำปาง,ภาคเหนือ,วิทยาลัยเทคนิค,393,11,,,แม่เมาะ,แม่เมาะ,ลำปาง,52220,054-330373,18.275059,99.650725,http://www.egtech.ac.ch
239,1352036401,วิทยาลัยเทคนิคนครลำปาง,ลำปาง,ภาคเหนือ,วิทยาลัยเทคนิค,429,2,,นครสวรรค์-เชียงราย,ศาลา,เกาะคา,ลำปาง,52130,054-252266,18.204462,99.411571,http://www.kiec.ac.th
240,1352066401,วิทยาลัยการอาชีพแจ้ห่ม ,ลำปาง,ภาคเหนือ,วิทยาลัยการอาชีพ,373,10,,แจ้ห่ม-ลำปาง,แจ้ห่ม,แจ้ห่ม,ลำปาง,52120,054-271559,18.7257601,99.5875762,http://www.chaehomic.ac.th
241,1352086401,วิทยาลัยการอาชีพเถิน,ลำปาง,ภาคเหนือ,วิทยาลัยการอาชีพ,147,1,,เถิน-ทุ่งเสลี่ยม,แม่ปะ,เถิน,ลำปาง,52160,54292701,17.630404,99.257745,http://www.thoen.ac.th
242,1353016101,วิทยาลัยเทคนิคอุตรดิตถ์,อุตรดิตถ์,ภาคเหนือ,วิทยาลัยเทคนิค,81,2,,พาดวารี,ป่าเซ่า,เมืองอุตรดิตถ์,อุตรดิตถ์,53000,55412917,17.611629,100.1127,http://www.uttc.ac.th
243,1353016201,วิทยาลัยอาชีวศึกษาอุตรดิตถ์,อุตรดิตถ์,ภาคเหนือ,วิทยาลัยอาชีวศึกษา,9,,,แปดวา,ท่าอิฐ,เมืองอุตรดิตถ์,อุตรดิตถ์,53000,55411221,17.62543,100.098054,http://www.uttvc.ac.th
244,1353016501,วิทยาลัยสารพัดช่างอุตรดิตถ์,อุตรดิตถ์,ภาคเหนือ,วิทยาลัยสารพัดช่าง,17,,,อินใจมี,ท่าอิฐ,เมืองอุตรดิตถ์,อุตรดิตถ์,53000,55416879,17.635393,100.095824,http://www.upc.ac.th
245,1353056401,วิทยาลัยการอาชีพรัตนประสิทธิ์วิทย์,อุตรดิตถ์,ภาคเหนือ,วิทยาลัยการอาชีพ,89,9,,,สองคอน,ฟากท่า,อุตรดิตถ์,53160,55479866,17.977132,100.857069,http://rpwc.ac.th/faktha/
246,1353076401,วิทยาลัยการอาชีพพิชัย,อุตรดิตถ์,ภาคเหนือ,วิทยาลัยการอาชีพ,154,1,,พิชัย-บ้านแก่ง,ในเมือง,พิชัย,อุตรดิตถ์,53120,55832043,17.30984,100.07136,http://www.picc.ac.th
247,1354016101,วิทยาลัยเทคนิคแพร่,แพร่,ภาคเหนือ,วิทยาลัยเทคนิค,5,1,,เหมืองหิต,ในเวียง,เมืองแพร่,แพร่,54000,54511142,18.13505,100.135708,http://www.technicphrae.ac.th
248,1354016201,วิทยาลัยอาชีวศึกษาแพร่,แพร่,ภาคเหนือ,วิทยาลัยอาชีวศึกษา,4,,,ยันตรกิจโกศล,ในเวียง,เมืองแพร่,แพร่,54000,54511286,18.1334492,100.1466216,http://www.pvc.ac.th
249,1354036401,วิทยาลัยการอาชีพลอง,แพร่,ภาคเหนือ,วิทยาลัยการอาชีพ,94,10,,รพช.แม่ปาน-ดอนมูล,ห้วยอ้อ,ลอง,แพร่,54150,54583117,18.0517883,99.8364842,http://www.lic.ac.th
250,1354046501,วิทยาลัยสารพัดช่างแพร่,แพร่,ภาคเหนือ,วิทยาลัยสารพัดช่าง,147,4,,ยันตรกิจโกศล,ร่องกาศ,สูงเม่น,แพร่,54130,054-542882,18.108734,100.131114,http://www.pptc.ac.th
251,1354056301,วิทยาลัยเกษตรและเทคโนโลยีแพร่,แพร่,ภาคเหนือ,วิทยาลัยเกษตรและเทคโนโลยี,586,8,,เด่นชัย-ศรีสัชนาลัย,เด่นชัย,เด่นชัย,แพร่,54110,54613313,17.96485124,100.0658587,http://www.pcat.ac.th
252,1354066401,วิทยาลัยการอาชีพสอง,แพร่,ภาคเหนือ,วิทยาลัยการอาชีพ,535,6,,,บ้านหนุน,สอง,แพร่,54120,054-591038,18.4351647,100.1958986,http://www.song.ac.th
253,1355016101,วิทยาลัยเทคนิคน่าน,น่าน,ภาคเหนือ,วิทยาลัยเทคนิค,2,,,รอบกำแพงเมืองตะวันตก,ในเวียง,เมืองน่าน,น่าน,55000,54719552,18.77824,100.766044,http://www.technicnan.ac.th
254,1355016501,วิทยาลัยสารพัดช่างน่าน,น่าน,ภาคเหนือ,วิทยาลัยสารพัดช่าง,150,,,สุมนเทวราช,ในเวียง,เมืองน่าน,น่าน,55000,054-710367,18.183812,100.779115,http://www.npc.ac.th
255,1355056401,วิทยาลัยเทคนิคปัว,น่าน,ภาคเหนือ,วิทยาลัยเทคนิค,237,1,,น่าน-ทุ่งช้าง,ปัว,ปัว,น่าน,55120,54791326,19.18057507,100.8881104,http://www.puaicec.ac.th
256,1355076401,วิทยาลัยการอาชีพเวียงสา,น่าน,ภาคเหนือ,วิทยาลัยการอาชีพ,138,5,,ยันตรกิจโกศล,นาเหลือง,เวียงสา,น่าน,55110,54718340,18.6792609,100.8245199,http://www.wiangsa.ac.th
257,1356016101,วิทยาลัยเทคนิคพะเยา,พะเยา,ภาคเหนือ,วิทยาลัยเทคนิค,355,11,,สนามกีฬา,บ้านต๋อม,เมืองพะเยา,พะเยา,56000,0-54887199,19.20122979,99.88717431,http://www.phayaotc.ac.th
258,1356016301,วิทยาลัยเกษตรและเทคโนโลยีพะเยา,พะเยา,ภาคเหนือ,วิทยาลัยเกษตรและเทคโนโลยี,1,6,,พะเยา - วังเหนือ,แม่นาเรือ,เมืองพะเยา,พะเยา,56000,0-5407-9835,19.0921762,99.8241777,http://www.pycat.ac.th
259,1356036401,วิทยาลัยเทคนิคเชียงคำ,พะเยา,ภาคเหนือ,วิทยาลัยเทคนิค,141,10,,เชียงคำ-ปง,ฝายกวาง,เชียงคำ,พะเยา,56110,054-883510,19.4632792,100.323735,http://www.cktc.ac.th
260,1356056401,วิทยาลัยเทคนิคดอกคำใต้,พะเยา,ภาคเหนือ,วิทยาลัยเทคนิค,69,10,,,ดงสุวรรณ,ดอกคำใต้,พะเยา,56120,0-54894574,19.243736,100.0494,http://www.dkttc.ac.th
261,1356066601,วิทยาลัยการอาชีพปง,พะเยา,ภาคเหนือ,วิทยาลัยการอาชีพ,135,6,,จุน-ปง,นาปรัง,ปง,พะเยา,56140,54430982,19.1972605,100.2635637,http://www.pongtechno.ac.th
262,1357016101,วิทยาลัยเทคนิคเชียงราย,เชียงราย,ภาคเหนือ,วิทยาลัยเทคนิค,1046,,,สนามบิน,เวียง,เมืองเชียงราย,เชียงราย,57000,53713038,19.9028365,99.8282573,http://www.ctc.ac.th
263,1357016102,วิทยาลัยเทคนิคกาญจนาภิเษกเชียงราย,เชียงราย,ภาคเหนือ,วิทยาลัยเทคนิค,91,9,,เด่นห้า-ดงมะดะ,ป่าอ้อดอนชัย,เมืองเชียงราย,เชียงราย,57000,0-53673912,19.862183,99.767868,http://www.kctc.ac.th
264,1357016201,วิทยาลัยอาชีวศึกษาเชียงราย,เชียงราย,ภาคเหนือ,วิทยาลัยอาชีวศึกษา,670,,,ธนาลัย,เวียง,เมืองเชียงราย,เชียงราย,57000,053-713036,19.908974,99.836214,http://www.cvc.ac.th
265,1357016301,วิทยาลัยเกษตรและเทคโนโลยีเชียงราย,เชียงราย,ภาคเหนือ,วิทยาลัยเกษตรและเทคโนโลยี,51,6,2,บ้านฟาร์มสัมพันธกิจ,ริมกก,เมืองเชียงราย,เชียงราย,57100,052-029695,19.9389969,99.9031287,http://www.crcat.ac.th/2019
266,1357016401,วิทยาลัยการอาชีพเชียงราย,เชียงราย,ภาคเหนือ,วิทยาลัยการอาชีพ,324,13,,เชียงราย-เทิง,ท่าสาย,เมืองเชียงราย,เชียงราย,57000,0-5377-4589,19.8511225,99.8481578,http://www.cric.ac.th
267,1357026401,วิทยาลัยการอาชีพเวียงเชียงรุ้ง,เชียงราย,ภาคเหนือ,วิทยาลัยการอาชีพ,132,3,2,บ้านเด่นสันทราย,ทุ่งก่อ,เวียงเชียงรุ้ง,เชียงราย,57350,53953392,19.97113,100.021935,http://www.wice.ac.th
268,1357046401,วิทยาลัยเทคนิคเทิง,เชียงราย,ภาคเหนือ,วิทยาลัยเทคนิค,191,15,,พิศาล,เวียง,เทิง,เชียงราย,57160,053-795526,19.683115,100.199108,http://www.tice.ac.th
269,1357116101,วิทยาลัยเทคนิคเวียงป่าเป้า,เชียงราย,ภาคเหนือ,วิทยาลัยเทคนิค,200,6,,เชียงใหม่-เชียงราย,ป่างิ้ว,เวียงป่าเป้า,เชียงราย,57170,53952014,19.2761004,99.5107926,http://www.wpptech.ac.th
270,1358016401,วิทยาลัยการอาชีพนวมินทราชินีแม่ฮ่องสอน,แม่ฮ่องสอน,ภาคเหนือ,วิทยาลัยการอาชีพ,126,,,ขุนลุมประพาส,จองคำ,เมืองแม่ฮ่องสอน,แม่ฮ่องสอน,58000,053-611848,19.28643898,97.96186007,http://www.nawamin.ac.th
271,1358046401,วิทยาลัยการอาชีพแม่สะเรียง,แม่ฮ่องสอน,ภาคเหนือ,วิทยาลัยการอาชีพ,111,7,,แม่สะเรียง-แม่สอด,แม่สะเรียง,แม่สะเรียง,แม่ฮ่องสอน,58110,53681576,18.105771,97.93752,http://www.msr.ac.th
272,1360016101,วิทยาลัยเทคนิคนครสวรรค์,นครสวรรค์,ภาคเหนือ,วิทยาลัยเทคนิค,400,9,,สวรรค์วิถี,นครสวรรค์ตก,เมืองนครสวรรค์,นครสวรรค์,60000,56221390,15.6921247,100.1164814,http://www.nkstec.ac.th
273,1360016201,วิทยาลัยอาชีวศึกษานครสวรรค์,นครสวรรค์,ภาคเหนือ,วิทยาลัยอาชีวศึกษา,193,,,มาตุลี,ปากน้ำโพ,เมืองนครสวรรค์,นครสวรรค์,60000,56221360,15.710869,100.12944,http://www.nwvoc.ac.th
274,1360016301,วิทยาลัยเกษตรและเทคโนโลยีนครสวรรค์,นครสวรรค์,ภาคเหนือ,วิทยาลัยเกษตรและเทคโนโลยี,184,9,,นครสวรรค์-พิษณุโลก,บ้านมะเกลือ,เมืองนครสวรรค์,นครสวรรค์,60000,56276216,15.7930896,100.1251938,http://www.nscat.ac.th
275,1360016401,วิทยาลัยการอาชีพนครสวรรค์,นครสวรรค์,ภาคเหนือ,วิทยาลัยการอาชีพ,155/1,1,,,นครสวรรค์ออก,เมืองนครสวรรค์,นครสวรรค์,60000,0-56255347,15.663665,100.130824,http://www.nice.ac.th
276,1360056401,วิทยาลัยการอาชีพบรรพตพิสัย,นครสวรรค์,ภาคเหนือ,วิทยาลัยการอาชีพ,99,2,,นครสวรรค์-บรรพตพิสัย,บางตาหงาย,บรรพตพิสัย,นครสวรรค์,60180,056-009536,15.935668,99.99193,http://www.bice.ac.th
277,1360126601,วิทยาลัยการอาชีพตากฟ้า,นครสวรรค์,ภาคเหนือ,วิทยาลัยการอาชีพ,6-ม.ค.,1,,ตากฟ้า-ท่าตะโก,ตากฟ้า,ตากฟ้า,นครสวรรค์,60190,056-241906,15.351185,100.493127,http://www.tftmc.ac.th
278,1360136101,วิทยาลัยเทคนิคแม่วงก์,นครสวรรค์,ภาคเหนือ,วิทยาลัยเทคนิค,10-ม.ค.,10,,เขาชนกัน-ลานสัก,วังซ่าน,แม่วงก์,นครสวรรค์,60150,864175734,15.820884,99.500058,http://www.mwtech.ac.th
279,1361016101,วิทยาลัยเทคนิคอุทัยธานี,อุทัยธานี,ภาคเหนือ,วิทยาลัยเทคนิค,58,,,วงศาโรจน์,อุทัยใหม่,เมืองอุทัยธานี,อุทัยธานี,61000,946160005,15.367502,100.045268,http://www.uthai.ac.th
280,1361016301,วิทยาลัยเกษตรและเทคโนโลยีอุทัยธานี,อุทัยธานี,ภาคเหนือ,วิทยาลัยเกษตรและเทคโนโลยี,27  หมู่ 5,,,อุทัยธานี-ทัพทัน,หนองแก,เมืองอุทัยธานี,อุทัยธานี,61000,0-56982621,15.43156516,99.98262948,http://www.utac.ac.th
281,1361016501,วิทยาลัยสารพัดช่างอุทัยธานี,อุทัยธานี,ภาคเหนือ,วิทยาลัยสารพัดช่าง,45,3,,อุทัย-หนองฉาง,น้ำซึม,เมืองอุทัยธานี,อุทัยธานี,61000,56970097,15.349444,100.004784,http://www.uthaipoly.ac.th
282,1362016101,วิทยาลัยเทคนิคกำแพงเพชร,กำแพงเพชร,ภาคเหนือ,วิทยาลัยเทคนิค,50,,,ปิ่นดำริห์,ในเมือง,เมืองกำแพงเพชร,กำแพงเพชร,62000,055-711-090,16.4844981,99.5269475,http://www.kpt.ac.th
283,1362016301,วิทยาลัยเกษตรและเทคโนโลยีกำแพงเพชร,กำแพงเพชร,ภาคเหนือ,วิทยาลัยเกษตรและเทคโนโลยี,104,7,,กำแพงเพชร-พิจิตร,นิคมทุ่งโพธิ์ทะเล,เมืองกำแพงเพชร,กำแพงเพชร,62000,055-741660,16.491176,99.7131257,http://www.kpcat.ac.th
284,1362016501,วิทยาลัยสารพัดช่างกำแพงเพชร,กำแพงเพชร,ภาคเหนือ,วิทยาลัยสารพัดช่าง,1-ก.พ.,1,,,หนองปลิง,เมืองกำแพงเพชร,กำแพงเพชร,62000,055-841-823,16.50532228,99.49852841,http://www.kpp.ac.th
285,1362046401,วิทยาลัยการอาชีพขาณุวรลักษบุรี,กำแพงเพชร,ภาคเหนือ,วิทยาลัยการอาชีพ,49,5,,,ป่าพุทรา,ขาณุวรลักษบุรี,กำแพงเพชร,62130,055-779478,16.1074212,99.8968373,http://www.khanu.ac.th
286,1363016301,วิทยาลัยเกษตรและเทคโนโลยีตาก,ตาก,ภาคเหนือ,วิทยาลัยเกษตรและเทคโนโลยี,208,3,,พหลโยธิน,ประดาง,วังเจ้า,ตาก,63180,055-896567-8,16.754849,99.201884,http://www.kasettak.ac.th
287,1363016501,วิทยาลัยเทคนิคตาก,ตาก,ภาคเหนือ,วิทยาลัยเทคนิค,195,3,,เจดีย์ยุทธหัตถี,ป่ามะม่วง,เมืองตาก,ตาก,63000,55514231,16.8838412,99.1117428,http://www.taktc.ac.th
288,1363026401,วิทยาลัยการอาชีพบ้านตาก,ตาก,ภาคเหนือ,วิทยาลัยการอาชีพ,116,4,,พหลโยธิน,ตากออก,บ้านตาก,ตาก,63120,055-591426,17.0397984,99.0853423,http://www.bantak.ac.th
289,1363066401,วิทยาลัยเทคนิคแม่สอด,ตาก,ภาคเหนือ,วิทยาลัยเทคนิค,619,10,,แม่สอด-แม่ปะใต้,แม่ปะ,แม่สอด,ตาก,63110,0-55532644,16.7374793,98.5671237,https://www.maesod.ac.th
290,1364016101,วิทยาลัยเทคนิคสุโขทัย,สุโขทัย,ภาคเหนือ,วิทยาลัยเทคนิค,2-เม.ย.,5,,จรดวิถีถ่อง,บ้านกล้วย,เมืองสุโขทัย,สุโขทัย,64000,55611201,17.0111146,99.7896981,http://www.Sukhothaitc.ac.th
291,1364016201,วิทยาลัยอาชีวศึกษาสุโขทัย,สุโขทัย,ภาคเหนือ,วิทยาลัยอาชีวศึกษา,108,1,,สิงหวัฒน์,ธานี,เมืองสุโขทัย,สุโขทัย,64000,55611789,17.008169,99.827516,http://www.stvc.ac.th
292,1364016501,วิทยาลัยสารพัดช่างสุโขทัย,สุโขทัย,ภาคเหนือ,วิทยาลัยสารพัดช่าง,11,13,,จรดวิถีถ่อง,บ้านกล้วย,เมืองสุโขทัย,สุโขทัย,64000,55613341,17.007709,99.7972727,http://www.sukhothai-pc.ac.th
293,1364056401,วิทยาลัยการอาชีพศรีสัชนาลัย,สุโขทัย,ภาคเหนือ,วิทยาลัยการอาชีพ,362,3,,พัฒนาการ,สารจิตร,ศรีสัชนาลัย,สุโขทัย,64130,0-5567-5123,17.463091,99.732256,http://www.siec.ac.th
294,1364066401,วิทยาลัยการอาชีพศรีสำโรง,สุโขทัย,ภาคเหนือ,วิทยาลัยการอาชีพ,9,11,,ศรีสำโรง-ศรีนคร,สามเรือน,ศรีสำโรง,สุโขทัย,64120,055-683006,17.1898638,99.9106469,http://www.sie.ac.th
295,1364076301,วิทยาลัยเกษตรและเทคโนโลยีสุโขทัย,สุโขทัย,ภาคเหนือ,วิทยาลัยเกษตรและเทคโนโลยี,16,7,,ไม่มี,ย่านยาว,สวรรคโลก,สุโขทัย,64110,55911076,17.284242,99.867112,http://www.stcat.ac.th
296,1365016101,วิทยาลัยเทคนิคพิษณุโลก,พิษณุโลก,ภาคเหนือ,วิทยาลัยเทคนิค,2,,,สนามบิน,ในเมือง,เมืองพิษณุโลก,พิษณุโลก,65000,55302029,16.811884,100.271159,http://www.pltc.ac.th
297,1365016102,วิทยาลัยเทคนิคสองแคว,พิษณุโลก,ภาคเหนือ,วิทยาลัยเทคนิค,149,2,,เลี่ยงเมืองพิษณุโลก,ท่าโพธิ์,เมืองพิษณุโลก,พิษณุโลก,65000,095-640-0956,16.7611153,100.2406433,http://www.sktcpl.ac.th
298,1365016201,วิทยาลัยอาชีวศึกษาพิษณุโลก,พิษณุโลก,ภาคเหนือ,วิทยาลัยอาชีวศึกษา,60,1,,วังจันทน์,ในเมือง,เมืองพิษณุโลก,พิษณุโลก,65000,55258570,16.8213387,100.256619,http://www.plvc.ac.th
299,1365016202,วิทยาลัยพณิชยการบึงพระพิษณุโลก,พิษณุโลก,ภาคเหนือ,วิทยาลัยพณิชยการ,410,1,,บึงพระ-พิษณุโลก,บึงพระ,เมืองพิษณุโลก,พิษณุโลก,65000,55337551,16.765725,100.26277,http://www.bpcc.ac.th
300,1365016501,วิทยาลัยสารพัดช่างพิษณุโลก,พิษณุโลก,ภาคเหนือ,วิทยาลัยสารพัดช่าง,99 หมู่ 1,1,,ปราบไตรจักร,บ้านคลอง,เมืองพิษณุโลก,พิษณุโลก,65000,55252034,16.834849,100.252315,http://www.plkpoly.ac.th
301,1365026401,วิทยาลัยการอาชีพนครไทย,พิษณุโลก,ภาคเหนือ,วิทยาลัยการอาชีพ,179,3,,,เนินเพิ่ม,นครไทย,พิษณุโลก,65120,055-363-095,17.10896302,100.8704777,http://www.ntic.ac.th
302,1366016101,วิทยาลัยเทคนิคพิจิตร,พิจิตร,ภาคเหนือ,วิทยาลัยเทคนิค,33,,,พิจิตร-กำแพงเพชร,ในเมือง,เมืองพิจิตร,พิจิตร,66000,056 608 572,16.4483124,100.3228194,http://www.pjtc.ac.th
303,1366016501,วิทยาลัยอาชีวศึกษาพิจิตร,พิจิตร,ภาคเหนือ,วิทยาลัยอาชีวศึกษา,316,,,บุษบา,ในเมือง,เมืองพิจิตร,พิจิตร,66000,56613481,16.4394823,100.3544111,http://www.ppc.ac.th/pijit
304,1366076301,วิทยาลัยเกษตรและเทคโนโลยีพิจิตร,พิจิตร,ภาคเหนือ,วิทยาลัยเกษตรและเทคโนโลยี,94 หมู่ 6,6,,พิจิตร-กำแพงเพชร,สามง่าม,สามง่าม,พิจิตร,66140,56691151,16.5011661,100.2125756,http://www.pccat.ac.th
305,1367016101,วิทยาลัยเทคนิคเพชรบูรณ์,เพชรบูรณ์,ภาคเหนือ,วิทยาลัยเทคนิค,212,,,สระบุรี-หล่มสัก,ในเมือง,เมืองเพชรบูรณ์,เพชรบูรณ์,67000,056-711-455,16.435663,101.154664,http://www.pbntc.ac.th
306,1367016301,วิทยาลัยเกษตรและเทคโนโลยีเพชรบูรณ์,เพชรบูรณ์,ภาคเหนือ,วิทยาลัยเกษตรและเทคโนโลยี,157 ม.5,5,,สระบุรี-หล่มสัก,บุ่งคล้า,หล่มสัก,เพชรบูรณ์,67110,0-56705638,16.632681,101.185595,http://www.pbcat.ac.th
307,1367016501,วิทยาลัยสารพัดช่างเพชรบูรณ์,เพชรบูรณ์,ภาคเหนือ,วิทยาลัยสารพัดช่าง,60,,,ถนนนิกรบำรุง,ในเมือง,เมืองเพชรบูรณ์,เพชรบูรณ์,67000,56720395,16.4208544,101.1563634,http://www.polyphet.ac.th
308,1367026401,วิทยาลัยการอาชีพชนแดน,เพชรบูรณ์,ภาคเหนือ,วิทยาลัยการอาชีพ,115/3,13,,ชมฐีรเวช,ชนแดน,ชนแดน,เพชรบูรณ์,67150,56761552,16.180391,100.899451,http://www.cice.ac.th
309,1367056401,วิทยาลัยการอาชีพวิเชียรบุรี,เพชรบูรณ์,ภาคเหนือ,วิทยาลัยการอาชีพ,100,5,,,สระประดู่,วิเชียรบุรี,เพชรบูรณ์,67130,56753049,15.6231267,101.0648857,http://www.wicec.ac.th
310,1370016101,วิทยาลัยเทคนิคราชบุรี,ราชบุรี,ภาคกลาง,วิทยาลัยเทคนิค,433,,,ศรีสุริยวงศ์,หน้าเมือง,เมืองราชบุรี,ราชบุรี,70000,032-338544,13.53285312,99.80805395,http://www.rtc.ac.th
311,1370016501,วิทยาลัยสารพัดช่างราชบุรี,ราชบุรี,ภาคกลาง,วิทยาลัยสารพัดช่าง,1,,,มนตรีสุริยวงศ์,หน้าเมือง,เมืองราชบุรี,ราชบุรี,70000,032-321903,13.539008,99.825355,http://www.rptc.ac.th
312,1370056101,วิทยาลัยเทคนิคราชบุรี 2,ราชบุรี,ภาคกลาง,วิทยาลัยเทคนิค,12,2,,,คุ้งพยอม,บ้านโป่ง,ราชบุรี,70110,32297119,13.784689,99.841659,http://rtech2.ac.th
313,1370056401,วิทยาลัยการอาชีพบ้านโป่ง,ราชบุรี,ภาคกลาง,วิทยาลัยการอาชีพ,98,3,,,ลาดบัวขาว,บ้านโป่ง,ราชบุรี,70110,032-720351,13.833835,99.828349,http://www.bpg.ac.th
314,1370076101,วิทยาลัยเทคนิคโพธาราม,ราชบุรี,ภาคกลาง,วิทยาลัยเทคนิค,56/1,3,,เพชรเกษม(สายเก่า),บ้านฆ้อง,โพธาราม,ราชบุรี,70120,032-231313,13.6909035,99.8697968,http://www.photharam.ac.th
315,1370076301,วิทยาลัยเกษตรและเทคโนโลยีราชบุรี,ราชบุรี,ภาคกลาง,วิทยาลัยเกษตรและเทคโนโลยี,63/1,7,,,เขาชะงุ้ม,โพธาราม,ราชบุรี,70120,32740039,13.734776,99.7250335,http://www.rbcat.ac.th
316,1370086401,วิทยาลัยการอาชีพปากท่อ,ราชบุรี,ภาคกลาง,วิทยาลัยการอาชีพ,153,14,ทุ่งหลวง 36,หินสี,ทุ่งหลวง,ปากท่อ,ราชบุรี,70140,32240865,13.3842496,99.6784414,http://www.ptcc.ac.th
317,1371016101,วิทยาลัยเทคนิคกาญจนบุรี,กาญจนบุรี,ภาคกลาง,วิทยาลัยเทคนิค,361,1,ไม่มี,อู่ทอง,ปากแพรก,เมืองกาญจนบุรี,กาญจนบุรี,71000,34511176,14.02874453,99.54837427,http://www.technickan.ac.th
318,1371016201,วิทยาลัยอาชีวศึกษากาญจนบุรี,กาญจนบุรี,ภาคกลาง,วิทยาลัยอาชีวศึกษา,7,,,แสงชูโต,บ้านเหนือ,เมืองกาญจนบุรี,กาญจนบุรี,71000,34511124,14.026317,99.530964,http://www.kanvc.ac.th
319,1371016301,วิทยาลัยเกษตรและเทคโนโลยีกาญจนบุรี,กาญจนบุรี,ภาคกลาง,วิทยาลัยเกษตรและเทคโนโลยี,1,5,,ลิ้นช้าง-บ้านเก่า,หนองหญ้า,เมืองกาญจนบุรี,กาญจนบุรี,71000,034 552 106 - 7,13.9908858,99.4640893,http://www.kasetkan.ac.th
320,1371016501,วิทยาลัยการอาชีพแม่น้ำแคว,กาญจนบุรี,ภาคกลาง,วิทยาลัยการอาชีพ,179,1,,แสงชูโต,ท่ามะขาม,เมืองกาญจนบุรี,กาญจนบุรี,71000,064 856 2239,14.053279,99.503542,https://www.maenamkwai.ac.th/kan/
321,1371066401,วิทยาลัยการอาชีพกาญจนบุรี,กาญจนบุรี,ภาคกลาง,วิทยาลัยการอาชีพ,296,2,,แสงชูโต,วังขนาย,ท่าม่วง,กาญจนบุรี,71110,034-611792,13.95193381,99.65262552,http://www.kicec.ac.th
322,1371076401,วิทยาลัยการอาชีพทองผาภูมิ,กาญจนบุรี,ภาคกลาง,วิทยาลัยการอาชีพ,,3,,,ท่าขนุน,ทองผาภูมิ,กาญจนบุรี,71000,0-3451-1176,14.680533,98.672282,http://www.technickan.ac.th
323,1371096401,วิทยาลัยการอาชีพพนมทวน,กาญจนบุรี,ภาคกลาง,วิทยาลัยการอาชีพ,240,2,,,หนองโรง,พนมทวน,กาญจนบุรี,71140,034-579597,14.1199,99.6758,http://www.pnt.ac.th/
324,1372016101,วิทยาลัยเทคนิคสุพรรณบุรี,สุพรรณบุรี,ภาคกลาง,วิทยาลัยเทคนิค,74,,,ขุนช้าง,ท่าพี่เลี้ยง,เมืองสุพรรณบุรี,สุพรรณบุรี,72000,35522101,14.471978,100.112958,http://www.stc.ac.th
325,1372016201,วิทยาลัยอาชีวศึกษาสุพรรณบุรี,สุพรรณบุรี,ภาคกลาง,วิทยาลัยอาชีวศึกษา,279,,,พระพันวษา,ท่าพี่เลี้ยง,เมืองสุพรรณบุรี,สุพรรณบุรี,72000,35511355,14.4686297,100.1167469,http://www.spvc.ac.th
326,1372016501,วิทยาลัยสารพัดช่างบรรหาร-แจ่มใส,สุพรรณบุรี,ภาคกลาง,วิทยาลัยสารพัดช่าง,166/1,1,,มาลัยแมน,รั้วใหญ่,เมืองสุพรรณบุรี,สุพรรณบุรี,72000,035-511880,14.4751567,100.1000208,http://www.bunharnpoly.ac.th
327,1372036301,วิทยาลัยเกษตรและเทคโนโลยีสุพรรณบุรี,สุพรรณบุรี,ภาคกลาง,วิทยาลัยเกษตรและเทคโนโลยี,288,1,,อู่ทอง-บ้านไร่,ด่านช้าง,ด่านช้าง,สุพรรณบุรี,72180,35595056,14.826426,99.69924,http://www.spcat.ac.th
328,1372076401,วิทยาลัยการอาชีพสองพี่น้อง,สุพรรณบุรี,ภาคกลาง,วิทยาลัยการอาชีพ,198,6,,,บางพลับ,สองพี่น้อง,สุพรรณบุรี,72110,035-440479,14.245056,100.04683,http://www.sicec.ac.th
329,1372096401,วิทยาลัยการอาชีพอู่ทอง,สุพรรณบุรี,ภาคกลาง,วิทยาลัยการอาชีพ,25,10,,อู่ทอง-บ้านไร่,หนองโอ่ง,อู่ทอง,สุพรรณบุรี,72160,035-528335,14.425485,99.906118,http://www.uic.ac.th
330,1373016101,วิทยาลัยเทคนิคนครปฐม,นครปฐม,ภาคตะวันออกและกรุงเทพมหานคร,วิทยาลัยเทคนิค,2,,,เพชรเกษม,พระประโทน,เมืองนครปฐม,นครปฐม,73000,034-395093-5,13.81419157,100.0996649,https://www.nptc.ac.th/
331,1373016201,วิทยาลัยอาชีวศึกษานครปฐม,นครปฐม,ภาคตะวันออกและกรุงเทพมหานคร,วิทยาลัยอาชีวศึกษา,90,,,เทศา,พระปฐมเจดีย์,เมืองนครปฐม,นครปฐม,73000,034-252790,13.8196612,100.0696617,http://www.nc.ac.th
332,1373016501,วิทยาลัยสารพัดช่างนครปฐม,นครปฐม,ภาคตะวันออกและกรุงเทพมหานคร,วิทยาลัยสารพัดช่าง,255,3,,เพชรเกษม,หนองดินแดง,เมืองนครปฐม,นครปฐม,73000,34985205,13.79488,99.991982,http://www.nptpolytech.ac.th
333,1373036401,วิทยาลัยการอาชีพบางแก้วฟ้า (หลวงพ่อเปิ่นอุปถัมภ์),นครปฐม,ภาคตะวันออกและกรุงเทพมหานคร,วิทยาลัยการอาชีพ,18,2,,,บางแก้วฟ้า,นครชัยศรี,นครปฐม,73120,34277081,13.90202,100.213092,http://www.bkf.ac.th
334,1373066401,วิทยาลัยการอาชีพนครปฐม,นครปฐม,ภาคตะวันออกและกรุงเทพมหานคร,วิทยาลัยการอาชีพ,58,2,,,ไร่ขิง,สามพราน,นครปฐม,73210,34321284,13.736375,100.258923,http://www.npt.ac.th
335,1373076401,วิทยาลัยการอาชีพพุทธมณฑล,นครปฐม,ภาคตะวันออกและกรุงเทพมหานคร,วิทยาลัยการอาชีพ,99,5,,ประชาอุทิศ,คลองโยง,พุทธมณฑล,นครปฐม,73170,034-300165,13.8493805,100.2958221,http://www.biac.ac.th
336,1374016101,วิทยาลัยเทคนิคสมุทรสาคร,สมุทรสาคร,ภาคกลาง,วิทยาลัยเทคนิค,927,,,เศรษฐกิจ1,มหาชัย,เมืองสมุทรสาคร,สมุทรสาคร,74000,034-411248,13.32559,100.1626,http://www.skntc.ac.th
337,1374026301,วิทยาลัยประมงสมุทรสาคร,สมุทรสาคร,ภาคกลาง,วิทยาลัยประมง,1-ก.พ.,1,,ท่าเสาพัฒนา,ดอนไก่ดี,กระทุ่มแบน,สมุทรสาคร,74110,34471239,13.6411599,100.2565845,http://www.skfc.ac.th
338,1374036401,วิทยาลัยการอาชีพบ้านแพ้ว,สมุทรสาคร,ภาคกลาง,วิทยาลัยการอาชีพ,1-ม.ค.,3,,บ้านแพ้ว-หนองนกไข่,เจ็ดริ้ว,บ้านแพ้ว,สมุทรสาคร,74120,034-481817,13.6431501,100.1374198,https://bpicec.ac.th/
339,1375016101,วิทยาลัยเทคนิคสมุทรสงคราม,สมุทรสงคราม,ภาคกลาง,วิทยาลัยเทคนิค,89,12,,เอกชัย,ลาดใหญ่,เมืองสมุทรสงคราม,สมุทรสงคราม,75000,34711440,13.420658,100.0100724,http://www.sstc.ac.th
340,1375016501,วิทยาลัยสารพัดช่างสมุทรสงคราม,สมุทรสงคราม,ภาคกลาง,วิทยาลัยสารพัดช่าง,122,12,,เอกชัย,ลาดใหญ่,เมืองสมุทรสงคราม,สมุทรสงคราม,75000,34716343,13.422689,100.013973,http://www.ssptc.ac.th
341,1375036401,วิทยาลัยการอาชีพอัมพวา,สมุทรสงคราม,ภาคกลาง,วิทยาลัยการอาชีพ,1-ม.ค.,6,,พระราม2,แพรกหนามแดง,อัมพวา,สมุทรสงคราม,75110,34772098,13.341815,99.888929,https://www.ampawa.ac.th
342,1376016101,วิทยาลัยเทคนิคเพชรบุรี,เพชรบุรี,ภาคกลาง,วิทยาลัยเทคนิค,115,,,บริพัตร,ท่าราบ,เมืองเพชรบุรี,เพชรบุรี,76000,32425705,13.0916486,99.9501821,http://www.pbtc.ac.th
343,1376016201,วิทยาลัยอาชีวศึกษาเพชรบุรี,เพชรบุรี,ภาคกลาง,วิทยาลัยอาชีวศึกษา,300,,,ราชวิถี,คลองกระแชง,เมืองเพชรบุรี,เพชรบุรี,76000,032-425557,13.111134,99.942321,http://www.pbpvc.ac.th
344,1376016501,วิทยาลัยสารพัดช่างเพชรบุรี,เพชรบุรี,ภาคกลาง,วิทยาลัยสารพัดช่าง,93,9,,บันไดอิฐ,ไร่ส้ม,เมืองเพชรบุรี,เพชรบุรี,76000,032-488058,12.9849,99.971703,http://www.phetpoly.ac.th
345,1376026401,วิทยาลัยการอาชีพเขาย้อย,เพชรบุรี,ภาคกลาง,วิทยาลัยการอาชีพ,106,5,,หนองชุมพล,หนองชุมพล,เขาย้อย,เพชรบุรี,76140,032-795-053,13.2824142,99.7709,http://www.kycec.ac.th
346,1376046301,วิทยาลัยเกษตรและเทคโนโลยีเพชรบุรี,เพชรบุรี,ภาคกลาง,วิทยาลัยเกษตรและเทคโนโลยี,59,3,,,สามพระยา,ชะอำ,เพชรบุรี,76120,32772855,12.6380859,99.8786851,http://www.pkaset.ac.th
347,1376046601,วิทยาลัยการอาชีพวังไกลกังวล 2,เพชรบุรี,ภาคกลาง,วิทยาลัยการอาชีพ,62,6,,,เขาใหญ่,ชะอำ,เพชรบุรี,76120,032-899931,12.8491476,99.9214221,http://www.kkwtech.ac.th
348,1376066401,วิทยาลัยการอาชีพบ้านลาด,เพชรบุรี,ภาคกลาง,วิทยาลัยการอาชีพ,106,9,,,ท่าเสน,บ้านลาด,เพชรบุรี,76150,032-586488,13.0441735,99.9525739,http://www.bicec.ac.th
349,1377016101,วิทยาลัยเทคนิคประจวบคีรีขันธ์,ประจวบคีรีขันธ์,ภาคกลาง,วิทยาลัยเทคนิค,302,,,สละชีพ,ประจวบคีรีขันธ์,เมืองประจวบคีรีขันธ์,ประจวบคีรีขันธ์,77000,032-611130,11.47594,99.475259,http://www.pktc.ac.th
350,1377046401,วิทยาลัยการอาชีพบางสะพาน,ประจวบคีรีขันธ์,ภาคกลาง,วิทยาลัยการอาชีพ,101,1,,เพชรเกษม,ทองมงคล,บางสะพาน,ประจวบคีรีขันธ์,77230,32697062,11.232646,99.438914,http://www.bspc.ac.th
351,1377066401,วิทยาลัยการอาชีพปราณบุรี,ประจวบคีรีขันธ์,ภาคกลาง,วิทยาลัยการอาชีพ,99,7,,ทางหลวงชนบทประจวบคีรีขันธ์2003,ปราณบุรี,ปราณบุรี,ประจวบคีรีขันธ์,77120,32623056,12.3381788,99.9438474,http://www.pranicec.ac.th
352,1377076401,วิทยาลัยการอาชีพวังไกลกังวล,ประจวบคีรีขันธ์,ภาคกลาง,วิทยาลัยการอาชีพ,มี.ค.-64,,หัวหิน 35,เพชรเกษม,หัวหิน,หัวหิน,ประจวบคีรีขันธ์,77110,032-520481,12.5924271,99.9512257,http://www.kkwind.ac.th
353,1380016101,วิทยาลัยเทคนิคนครศรีธรรมราช,นครศรีธรรมราช,ภาคใต้,วิทยาลัยเทคนิค,263,,,ราชดำเนิน,ท่าวัง,เมืองนครศรีธรรมราช,นครศรีธรรมราช,80000,075 356 062,8.45367,99.96101,http://www.tnk.ac.th
354,1380016201,วิทยาลัยอาชีวศึกษานครศรีธรรมราช,นครศรีธรรมราช,ภาคใต้,วิทยาลัยอาชีวศึกษา,1076,,,ราชดำเนิน,คลัง,เมืองนครศรีธรรมราช,นครศรีธรรมราช,80000,75356156,8.4354935,99.9622767,http://www.nvc.ac.th
355,1380016202,วิทยาลัยศิลปหัตถกรรมนครศรีธรรมราช,นครศรีธรรมราช,ภาคใต้,วิทยาลัยศิลปหัตถกรรม,6,1,หอไตร,ราชดำเนิน,ในเมือง,เมืองนครศรีธรรมราช,นครศรีธรรมราช,80000,75846007,8.4057778,99.9694008,http://www.artnst.ac.th
356,1380016501,วิทยาลัยสารพัดช่างนครศรีธรรมราช,นครศรีธรรมราช,ภาคใต้,วิทยาลัยสารพัดช่าง,214,1,,อ้อมค่ายวชิราวุธ,ปากพูน,เมืองนครศรีธรรมราช,นครศรีธรรมราช,80000,075-531500,8.509845,99.961576,http://www.nkpc.ac.th/
357,1380026401,วิทยาลัยการอาชีพพรหมคีรี,นครศรีธรรมราช,ภาคใต้,วิทยาลัยการอาชีพ,65/1,7,,ถ.วัดใหม่-คลองเมียด,ทอนหงส์,พรหมคีรี,นครศรีธรรมราช,80320,075-750577,8.568648,99.7790227,http://www.promic.ac.th
358,1380096101,วิทยาลัยเทคนิคทุ่งสง,นครศรีธรรมราช,ภาคใต้,วิทยาลัยเทคนิค,119,7,,ทุ่งสง-สุราษฎร์ธานี,หนองหงส์,ทุ่งสง,นครศรีธรรมราช,80110,75302027,8.1751454,99.6261903,http://www.ts-tech.ac.th
359,1380126101,วิทยาลัยเทคโนโลยีและอุตสาหกรรมการต่อเรือนครศรีธรรมราช,นครศรีธรรมราช,ภาคใต้,วิทยาลัยเทคโนโลยีและอุตสาหกรรมการต่อเรือ,147,4,,ท่าเทียบเรือ,ปากพนังฝั่งตะวันตก,ปากพนัง,นครศรีธรรมราช,80370,075 370 759,8.36408238,100.1708214,http://www.nasic.ac.th
360,1380146101,วิทยาลัยเทคนิคสิชล,นครศรีธรรมราช,ภาคใต้,วิทยาลัยเทคนิค,44,5,,นครศรี-สุราษฎร์,ทุ่งปรัง,สิชล,นครศรีธรรมราช,80120,075-367891,8.9523476,99.8975369,http://www.sichontc.ac.th
361,1380166401,วิทยาลัยการอาชีพหัวไทร,นครศรีธรรมราช,ภาคใต้,วิทยาลัยการอาชีพ,88,2,,,ทรายขาว,หัวไทร,นครศรีธรรมราช,80170,75766525,8.0514911,100.2227457,http://www.hicc.ac.th
362,1380206401,วิทยาลัยการอาชีพนครศรีธรรมราช,นครศรีธรรมราช,ภาคใต้,วิทยาลัยการอาชีพ,157,3,,ชลประทาน,นาสาร,พระพรหม,นครศรีธรรมราช,80000,075-378612,8.357201661,99.91596046,http://www.nicc.ac.th
363,1380226301,วิทยาลัยเกษตรและเทคโนโลยีนครศรีธรรมราช,นครศรีธรรมราช,ภาคใต้,วิทยาลัยเกษตรและเทคโนโลยี,244,7,,จันดี-บ้านส้อง,ช้างกลาง,ช้างกลาง,นครศรีธรรมราช,80250,75445734,8.3725979,99.5651503,http://www.nkatc.ac.th
364,1381016101,วิทยาลัยเทคนิคกระบี่,กระบี่,ภาคใต้,วิทยาลัยเทคนิค,94,7,,ท่าเรือ,ไสไทย,เมืองกระบี่,กระบี่,81000,075-611796,8.061158,98.906236,http://www.kbtc.ac.th
365,1381016501,วิทยาลัยสารพัดช่างกระบี่,กระบี่,ภาคใต้,วิทยาลัยสารพัดช่าง,50,,,วัชระ,กระบี่ใหญ่,เมืองกระบี่,กระบี่,81000,75613150,8.0908,98.890962,http://www.kbptc.ac.th
366,1381046401,วิทยาลัยการอาชีพคลองท่อม,กระบี่,ภาคใต้,วิทยาลัยการอาชีพ,90,9,,เพชรเกษม,คลองท่อมใต้,คลองท่อม,กระบี่,81120,075-702762,7.955537,99.143638,http://www.vk-ktic.com
367,1381056401,วิทยาลัยการอาชีพอ่าวลึก,กระบี่,ภาคใต้,วิทยาลัยการอาชีพ,30-ธ.ค.,4,บ้านนบ,เพชรเกษม,คลองหิน,อ่าวลึก,กระบี่,81110,075-665685,8.321571,98.800049,http://www.aicec.ac.th
368,1381086301,วิทยาลัยเกษตรและเทคโนโลยีกระบี่,กระบี่,ภาคใต้,วิทยาลัยเกษตรและเทคโนโลยี,100,6,,เหนือคลอง-เขาพนม,ห้วยยูง,เหนือคลอง,กระบี่,81130,75666022,8.142165,99.015,http://www.kcat.ac.th
369,1382016101,วิทยาลัยเทคนิคพังงา,พังงา,ภาคใต้,วิทยาลัยเทคนิค,326,,,เพชรเกษม,ท้ายช้าง,เมืองพังงา,พังงา,82000,076-412077,8.453623,98.530825,http://www.pntc.ac.th
370,1382046301,วิทยาลัยเกษตรและเทคโนโลยีพังงา,พังงา,ภาคใต้,วิทยาลัยเกษตรและเทคโนโลยี,43,7,,,ถ้ำ,ตะกั่วทุ่ง,พังงา,82130,76496451,824469,982542.13,http://www.kaset-phangnga.ac.th
371,1382056401,วิทยาลัยการอาชีพตะกั่วป่า,พังงา,ภาคใต้,วิทยาลัยการอาชีพ,41,6,,พังงา-ตะกั่วป่า,ตำตัว,ตะกั่วป่า,พังงา,82110,076-455085,8.7880165,98.3685878,http://www.tapc.ac.th
372,1382086401,วิทยาลัยการอาชีพท้ายเหมือง,พังงา,ภาคใต้,วิทยาลัยการอาชีพ,170,9,,ชายทะเล,ท้ายเหมือง,ท้ายเหมือง,พังงา,82120,76410202,8.416485,98.244051,http://www.thaimuang.ac.th
373,1383016101,วิทยาลัยเทคนิคภูเก็ต,ภูเก็ต,ภาคใต้,วิทยาลัยเทคนิค,178/1,1,,เยาวราช,ตลาดใหญ่,เมืองภูเก็ต,ภูเก็ต,83000,76221679,7.8949137,98.3856643,http://www.ptc.ac.th
374,1383016201,วิทยาลัยอาชีวศึกษาภูเก็ต,ภูเก็ต,ภาคใต้,วิทยาลัยอาชีวศึกษา,512,1,,ภูเก็ต,ตลาดใหญ่,เมืองภูเก็ต,ภูเก็ต,83000,76214818,7.86981582,98.3929538,http://www.phuketvc.ac.th
375,1383016501,วิทยาลัยสารพัดช่างภูเก็ต,ภูเก็ต,ภาคใต้,วิทยาลัยสารพัดช่าง,42/20,,,รัตนโกสินทร์ 200 ปี,ตลาดเหนือ,เมืองภูเก็ต,ภูเก็ต,83000, 0-7622-4283,7.871301417,98.38889811,http://www.polyphuket.ac.th
376,1383036102,วิทยาลัยเทคนิคถลาง,ภูเก็ต,ภาคใต้,วิทยาลัยเทคนิค,215,5,,เมืองใหม่-สนามบิน,เทพกระษัตรี,ถลาง,ภูเก็ต,83110,76621428,8.089109,98.323371,http://www.tltc.ac.th
377,1384016101,วิทยาลัยเทคนิคสุราษฎร์ธานี,สุราษฎร์ธานี,ภาคใต้,วิทยาลัยเทคนิค,143,,,ดอนนก,ตลาด,เมืองสุราษฎร์ธานี,สุราษฎร์ธานี,84000,077-272168,9.1347981,99.3299893,http://www.srtc.ac.th
378,1384016102,วิทยาลัยเทคนิคกาญจนดิษฐ์,สุราษฎร์ธานี,ภาคใต้,วิทยาลัยเทคนิค,191,7,,สราษฎร์-นครศรี,พลายวาส,กาญจนดิษฐ์,สุราษฎร์ธานี,84160,77313406,561531.443,1011654.24,http://www.kdtc.ac.th
379,1384016201,วิทยาลัยอาชีวศึกษาสุราษฎร์ธานี,สุราษฎร์ธานี,ภาคใต้,วิทยาลัยอาชีวศึกษา,456/3,1,,ตลาดใหม่,ตลาด,เมืองสุราษฎร์ธานี,สุราษฎร์ธานี,84000,077-282001,9.147462,99.332923,http://www.svc.ac.th
380,1384016501,วิทยาลัยสารพัดช่างสุราษฎร์ธานี,สุราษฎร์ธานี,ภาคใต้,วิทยาลัยสารพัดช่าง,392,4,,ชนเกษม,มะขามเตี้ย,เมืองสุราษฎร์ธานี,สุราษฎร์ธานี,84000,77288360,9.126211,99.332386,http://www.srpc.ac.th
381,1384046201,วิทยาลัยการอาชีพเกาะสมุย,สุราษฎร์ธานี,ภาคใต้,วิทยาลัยการอาชีพ,12-ก.พ.,1,,สระเกศ-นารา,ตลิ่งงาม,เกาะสมุย,สุราษฎร์ธานี,84140,0 7795 4014,9.4713204,99.9702393,http://scbt.ac.th/
382,1384066401,วิทยาลัยการอาชีพไชยา,สุราษฎร์ธานี,ภาคใต้,วิทยาลัยการอาชีพ,221,1,,,เวียง,ไชยา,สุราษฎร์ธานี,84110,0-7731-0954,9.3803425,99.161219,http://www.cicc.ac.th
383,1384106301,วิทยาลัยเกษตรและเทคโนโลยีสุราษฎร์ธานี,สุราษฎร์ธานี,ภาคใต้,วิทยาลัยเกษตรและเทคโนโลยี,43,3,,สุราษฎร์-ตะกั่วป่า,พังกาญจน์,พนม,สุราษฎร์ธานี,84250,77399079,8.8741918,98.8255086,http://www.suratatc.ac.th
384,1384156401,วิทยาลัยการอาชีพเวียงสระ,สุราษฎร์ธานี,ภาคใต้,วิทยาลัยการอาชีพ,1,5,,บ้านส้อง-นาสาร,บ้านส้อง,เวียงสระ,สุราษฎร์ธานี,84190,077-366756,8.66363,99.374081,http://www.wcc.ac.th
385,1385016101,วิทยาลัยเทคนิคระนอง,ระนอง,ภาคใต้,วิทยาลัยเทคนิค,155,3,,เพชรเกษม,บางนอน,เมืองระนอง,ระนอง,85000,77811393,9.988117,98.645828,http://www.rntc.ac.th
386,1385016301,วิทยาลัยเกษตรและเทคโนโลยีระนอง,ระนอง,ภาคใต้,วิทยาลัยเกษตรและเทคโนโลยี,19,5,,เพชรเกษม,ราชกรูด,เมืองระนอง,ระนอง,85000,77897756,9.705489,98.586495,http://www.kasetranong.ac.th
387,1385046401,วิทยาลัยการอาชีพกระบุรี,ระนอง,ภาคใต้,วิทยาลัยการอาชีพ,3,6,,เพชรเกษม,น้ำจืดน้อย,กระบุรี,ระนอง,85110,77826858,10.434959,98.789028,http://www.kbc.ac.th
388,1386016101,วิทยาลัยเทคนิคชุมพร,ชุมพร,ภาคใต้,วิทยาลัยเทคนิค,138,8,,อาภากร,นาชะอัง,เมืองชุมพร,ชุมพร,86000,77657043,10.5510186,99.2433643,http://www.cptc.ac.th
389,1386016201,วิทยาลัยอาชีวศึกษาชุมพร,ชุมพร,ภาคใต้,วิทยาลัยอาชีวศึกษา,146,,,พิศิษฐ์พยาบาล,ท่าตะเภา,เมืองชุมพร,ชุมพร,86000,77511218,10.496061,99.1845,http://www.cpvc.ac.th
390,1386016501,วิทยาลัยการอาชีพชุมพร,ชุมพร,ภาคใต้,วิทยาลัยการอาชีพ,158,5,,ชุมพร-ระนอง,วังไผ่,เมืองชุมพร,ชุมพร,86000,77658748,10.5059338,99.1289185,http://www.cptech.ac.th
391,1386026401,วิทยาลัยการอาชีพท่าแซะ,ชุมพร,ภาคใต้,วิทยาลัยการอาชีพ,245/1,4,,เพชรเกษม,หงษ์เจริญ,ท่าแซะ,ชุมพร,86140,77613000,10.785383,99.1881443,http://www.thasae.ac.th
392,1386046301,วิทยาลัยประมงชุมพรเขตรอุดมศักดิ์,ชุมพร,ภาคใต้,วิทยาลัยประมง,15,4,,บ้านหัวกรัง-ปากตะโก,ปากตะโก,ทุ่งตะโก,ชุมพร,86220,077 - 630390,10.09131,99.13885,http://www.pcfc.ac.th
393,1386046401,วิทยาลัยการอาชีพหลังสวน,ชุมพร,ภาคใต้,วิทยาลัยการอาชีพ,1,10,,,แหลมทราย,หลังสวน,ชุมพร,86110,77630851,9.961987,99.084442,http://www.langsuan.ac.th
394,1386086301,วิทยาลัยเกษตรและเทคโนโลยีชุมพร,ชุมพร,ภาคใต้,วิทยาลัยเกษตรและเทคโนโลยี,1,8,,เพชรเกษม,ตะโก,ทุ่งตะโก,ชุมพร,86220,077-611881,10.0686422,99.0726474,http://www.cpcat.ac.th
395,1390016201,วิทยาลัยอาชีวศึกษาสงขลา,สงขลา,ภาคใต้,วิทยาลัยอาชีวศึกษา,74,,,รามวิถี,บ่อยาง,เมืองสงขลา,สงขลา,90000,74311202,7.1936476,100.5947377,http://www.songkhlavc.ac.th
396,1390016301,วิทยาลัยประมงติณสูลานนท์,สงขลา,ภาคใต้,วิทยาลัยประมง,57/7,2,,สงขลา-เกาะยอ,พะวง,เมืองสงขลา,สงขลา,90100,74333642,7.1472484,100.5661111,http://www.tfc.ac.th
397,1390016501,วิทยาลัยเทคนิคสงขลา,สงขลา,ภาคใต้,วิทยาลัยเทคนิค,11,,,วิเชียรชม,บ่อยาง,เมืองสงขลา,สงขลา,90000,74311590,7.205886715,100.5869929,http://www.spc.ac.th
398,1390026401,วิทยาลัยการอาชีพสมเด็จเจ้าพะโคะ,สงขลา,ภาคใต้,วิทยาลัยการอาชีพ,60,7,,,ชุมพล,สทิงพระ,สงขลา,90190,074-304192,7.598592,100.397658,http://www.pakho.ac.th
399,1390036101,วิทยาลัยเทคนิคจะนะ,สงขลา,ภาคใต้,วิทยาลัยเทคนิค,87,8,,หาดใหญ่-จะนะ,จะโหนง,จะนะ,สงขลา,90130, 074-536077-8,6.984046,100.659991,http://www.chanatc.ac.th
400,1390046401,วิทยาลัยการอาชีพนาทวี,สงขลา,ภาคใต้,วิทยาลัยการอาชีพ,22,1,,นาทวี-ประกอบ,นาทวี,นาทวี,สงขลา,90160,74371805,6.732167,100.686235,http://www.nathawee.ac.th
401,1390096301,วิทยาลัยเกษตรและเทคโนโลยีสงขลา,สงขลา,ภาคใต้,วิทยาลัยเกษตรและเทคโนโลยี,142,3,,,ท่าชะมวง,รัตภูมิ,สงขลา,90180,74389118,7.1305962,100.244811,http://www.scat.ac.th
402,1390116101,วิทยาลัยเทคนิคหาดใหญ่,สงขลา,ภาคใต้,วิทยาลัยเทคนิค,7,,,กาญจนวนิช,หาดใหญ่,หาดใหญ่,สงขลา,90110,74212300,7.0351828,100.5029079,http://www.htc.ac.th
403,1390116401,วิทยาลัยการอาชีพหลวงประธานราษฎร์นิกร,สงขลา,ภาคใต้,วิทยาลัยการอาชีพ,1456,,,กาญจนวณิชย์,หาดใหญ่,หาดใหญ่,สงขลา,90110,74232036,6.99508,100.4862621,http://www.lpt.ac.th
404,1390156601,วิทยาลัยการอาชีพสิงหนคร (รัตน์ ประธานราษฎร์นิกร),สงขลา,ภาคใต้,วิทยาลัยการอาชีพ,105/4,7,ไม่มี,สงขลา-ระโนด,ม่วงงาม,สิงหนคร,สงขลา,90330,06-40342952,7.352613,100.479246,http://www.stmc.ac.th
405,1391016101,วิทยาลัยเทคนิคสตูล,สตูล,ภาคใต้,วิทยาลัยเทคนิค,217,,,ศุลกานุกูล,พิมาน,เมืองสตูล,สตูล,91000,074-711107,6.60033,100.063788,http://www.sttc.ac.th
406,1391036301,วิทยาลัยเกษตรและเทคโนโลยีสตูล,สตูล,ภาคใต้,วิทยาลัยเกษตรและเทคโนโลยี,4,2,,ประชาสงเคราะห์,ควนกาหลง,ควนกาหลง,สตูล,91130,08-1609-1424,6.8865401,100.0757434,http://www.satunatc.ac.th
407,1391056401,วิทยาลัยการอาชีพละงู,สตูล,ภาคใต้,วิทยาลัยการอาชีพ,43,14,,ละงู-บากันโต๊ะทิด,ละงู,ละงู,สตูล,91110,074-750906,6.848116,99.790607,http://www.lc.ac.th
408,1392016101,วิทยาลัยเทคนิคตรัง,ตรัง,ภาคใต้,วิทยาลัยเทคนิค,96,4,,ตรัง-ปะเหลียน,บ้านควน,เมืองตรัง,ตรัง,92000,75501027,7.517194,99.629183,http://www.technictrang.ac.th
409,1392016301,วิทยาลัยเกษตรและเทคโนโลยีตรัง,ตรัง,ภาคใต้,วิทยาลัยเกษตรและเทคโนโลยี,99,7,,เพชรเกษม,นาท่ามเหนือ,เมืองตรัง,ตรัง,92190,75284152,7.6719056,99.5823089,http://www.kasettrang.ac.th
410,1392016401,วิทยาลัยการอาชีพตรัง,ตรัง,ภาคใต้,วิทยาลัยการอาชีพ,70,4,,ตรัง-ปะเหลียน,บ้านควน,เมืองตรัง,ตรัง,92000,075-501068,7.515461215,99.62989885,http://www.tic.ac.th
411,1392016501,วิทยาลัยสารพัดช่างตรัง,ตรัง,ภาคใต้,วิทยาลัยสารพัดช่าง,123,1,,เลี่ยงเมือง,นาตาล่วง,เมืองตรัง,ตรัง,92000,075570556-7,7.5692991,99.5834577,http://www.ptt.ac.th
412,1392026401,วิทยาลัยการอาชีพกันตัง,ตรัง,ภาคใต้,วิทยาลัยการอาชีพ,122,3,,กันตังใต้,กันตังใต้,กันตัง,ตรัง,92110,985553858,7.354494,99.533351,http://www.kantang.ac.th
413,1392046401,วิทยาลัยการอาชีพปะเหลียน,ตรัง,ภาคใต้,วิทยาลัยการอาชีพ,89,5,,ตรัง-สตูล,ท่าข้าม,ปะเหลียน,ตรัง,92120,075-501897,7.2071176,99.6930037,http://www.palian.ac.th
414,1392066401,วิทยาลัยการอาชีพห้วยยอด,ตรัง,ภาคใต้,วิทยาลัยการอาชีพ,23,2,,เทศารัษฎา,เขาขาว,ห้วยยอด,ตรัง,92130,075-271495,7.804382,99.629839,http://www.huaiyot.ac.th
415,1393016101,วิทยาลัยเทคนิคพัทลุง,พัทลุง,ภาคใต้,วิทยาลัยเทคนิค,248,,,ราเมศวร์,คูหาสวรรค์,เมืองพัทลุง,พัทลุง,93000,74613066,7.623887,100.079613,http://www.ptl.ac.th
416,1393016301,วิทยาลัยเกษตรและเทคโนโลยีพัทลุง,พัทลุง,ภาคใต้,วิทยาลัยเกษตรและเทคโนโลยี,221,15,,บ้านแร่-ควนกุฎ,ควนมะพร้าว,เมืองพัทลุง,พัทลุง,93000,74610475,7.5712902,100.1244934,http://www.kasetpt.ac.th
417,1393016501,วิทยาลัยสารพัดช่างพัทลุง,พัทลุง,ภาคใต้,วิทยาลัยสารพัดช่าง,5,,,ช่วยทุกขราษฎร์,คูหาสวรรค์,เมืองพัทลุง,พัทลุง,93000,74614046,7.6177616,100.076265,http://www.ptlpoly.ac.th
418,1393056401,วิทยาลัยการอาชีพควนขนุน,พัทลุง,ภาคใต้,วิทยาลัยการอาชีพ,214,6,,,ชะมวง,ควนขนุน,พัทลุง,93110,074-617187,7.7527524,99.9527127,http://www.knicec.ac.th
419,1393096401,วิทยาลัยการอาชีพบางแก้ว,พัทลุง,ภาคใต้,วิทยาลัยการอาชีพ,210,6,,,นาปะขอ,บางแก้ว,พัทลุง,93140,74697185,7.429986,100.181783,http://www.bangkaew.ac.th
420,1393106101,วิทยาลัยเทคนิคป่าพะยอม,พัทลุง,ภาคใต้,วิทยาลัยเทคนิค,265,2,,,บ้านพร้าว,ป่าพะยอม,พัทลุง,93210,074-841009,7.812258171,99.95057499,http://www.pytc.ac.th
421,1394016101,วิทยาลัยเทคนิคปัตตานี,ปัตตานี,ภาคใต้,วิทยาลัยเทคนิค,27,1,,หนองจิก,สะบารัง,เมืองปัตตานี,ปัตตานี,94000,073-335913,6.863931,101.239655,http://www.technictani.ac.th
422,1394016201,วิทยาลัยอาชีวศึกษาปัตตานี,ปัตตานี,ภาคใต้,วิทยาลัยอาชีวศึกษา,10,,,หนองจิก,สะบารัง,เมืองปัตตานี,ปัตตานี,94000,73333000,6.8669429,101.243552,http://www.pnvc.ac.th
423,1394016401,วิทยาลัยการอาชีพปัตตานี,ปัตตานี,ภาคใต้,วิทยาลัยการอาชีพ,10,,,หนองจิก,สะบารัง,เมืองปัตตานี,ปัตตานี,94000,073-333011,6.8663,101.242661,http://www.ptnicec.ac.th
424,1394036101,วิทยาลัยเทคนิคกาญจนาภิเษกปัตตานี,ปัตตานี,ภาคใต้,วิทยาลัยเทคนิค,59,1,,เพชรเกษม,บ่อทอง,หนองจิก,ปัตตานี,94170,73420258,6.807044,101.118335,http://WWW.KPTC.AC.TH
425,1394036301,วิทยาลัยเทคโนโลยีการเกษตรและประมงปัตตานี,ปัตตานี,ภาคใต้,วิทยาลัยเทคโนโลยีการเกษตรและประมง,,2,,,บางตาวา,หนองจิก,ปัตตานี,94170,73420477,6.8623553,101.1914365,http://www.pfc.ac.th
426,1394076401,วิทยาลัยการอาชีพสายบุรี,ปัตตานี,ภาคใต้,วิทยาลัยการอาชีพ,329,2,,สายบุรี-ปะนาเระ,ปะเสยะวอ,สายบุรี,ปัตตานี,94110,73419516,6.747287992,101.6062264,http://www.sbricec.ac.th
427,1395016101,วิทยาลัยเทคนิคยะลา,ยะลา,ภาคใต้,วิทยาลัยเทคนิค,129,,,พิพิธภักดี,สะเตง,เมืองยะลา,ยะลา,95000,73212471,6.5507691,101.2852,http://www.ytc.ac.th
428,1395016201,วิทยาลัยอาชีวศึกษายะลา,ยะลา,ภาคใต้,วิทยาลัยอาชีวศึกษา,100,5,,สาย 15,สะเตงนอก,เมืองยะลา,ยะลา,95000,73274806,6.5214303,101.2621749,http://www.yvc.ac.th
429,1395016501,วิทยาลัยการอาชีพนครยะลา,ยะลา,ภาคใต้,วิทยาลัยการอาชีพ,4-ก.พ.,,,เวฬุวัน,สะเตง,เมืองยะลา,ยะลา,95000,073274506-8,6.5286007,101.264352,http://www.nyc.ac.th
430,1395026401,วิทยาลัยการอาชีพเบตง,ยะลา,ภาคใต้,วิทยาลัยการอาชีพ,2,,,วิทยาลัยการอาชีพ2,เบตง,เบตง,ยะลา,95110,73234111,5.7748356,101.0407071,http://www.bticec.ac.th
431,1395066401,วิทยาลัยการอาชีพรามัน,ยะลา,ภาคใต้,วิทยาลัยการอาชีพ,69,1,,รามัน-บาลอ,บาลอ,รามัน,ยะลา,95140,73262048,6.4918217,101.3885001,http://www.ric.thai.ac
432,1396016501,วิทยาลัยเทคนิคบางนรา,นราธิวาส,ภาคใต้,วิทยาลัยเทคนิค,55,13,,,โคกเคียน,เมืองนราธิวาส,นราธิวาส,96000,73541765,6.4462,101.8072,http://www.narapoly.ac.th
433,1396106401,วิทยาลัยการอาชีพสุไหงโก-ลก,นราธิวาส,ภาคใต้,วิทยาลัยการอาชีพ,123,7,,สุไหงโก-ลก-ตากใบ,ปาเสมัส,สุไหงโก-ลก,นราธิวาส,96120,73646566,6.053319,102.011632,http://www.skc.ac.th
